unit_id,p95_latency_ms,p95_jitter_ms,avg_loss_pct,risk_flag
24559133,70.4529,0.4595,0.09602029866611857,1
25314177,30.106299999999997,1.287,0.001587367286528956,1
4190285,26.702849999999998,2.7273249999999996,0.019778600447792425,1
24840041,25.813499999999998,5.325875,0.16246167434642345,1
948646,24.971,1.0020499999999999,0.010992149768431617,1
943230,24.386799999999997,1.06155,0.0,1
24558953,23.035,0.956,0.05514211818513676,1
24733425,22.9898,0.4437,0.06097183896957367,1
25755241,22.9112,1.28775,0.022649778377676993,1
3892905,22.462,0.245975,0.004404050087364063,1
1006958,22.286,1.5750749999999996,0.037865650492460344,1
24329061,21.672449999999998,1.2918,0.0318809700104453,1
79301245,21.586,1.1964,0.002200266970979586,1
25619365,21.5298,1.21135,0.04708439462848098,1
37383645,21.377499999999998,1.0320749999999999,0.002232838485539667,1
1000143,20.967449999999996,0.529425,0.002783965353251393,1
3994885,20.962,0.4321,0.0,1
943226,20.8704,0.5026999999999999,0.0,1
24733221,20.561599999999995,1.2626,0.0004166319473377219,1
26490401,19.985399999999995,0.891975,0.06198873390088093,0
948844,19.775150000000004,1.3777499999999998,0.011142536281661286,0
24329557,19.342999999999996,0.31250000000000006,0.00596062889063863,0
943232,19.302000000000003,0.320175,0.0003898985094179985,0
26490529,19.1338,2.7871,0.005179270881044363,0
1001336,18.972,2.751675,0.053907918808079866,0
3898433,18.765,2.7485999999999997,0.045050247392019044,0
1002196,18.070499999999992,2.6923,0.7657834008492431,0
55492441,18.03,2.6512,0.010156459659388425,0
1001188,17.4307,1.1567,0.0007082554252365573,0
55458557,17.421799999999998,2.4725499999999996,0.011050198594799636,0
26437409,17.28195,2.8287999999999998,0.006338393207834607,0
24806517,16.745,0.8825999999999999,0.009408675700320888,0
943266,16.617100000000008,1.0978750000000002,0.029645341594706012,0
25886369,16.2776,2.6011749999999996,0.004867998311552841,0
1009424,15.854800000000001,1.1106500000000001,0.02288109142858094,0
24767701,15.734399999999999,1.2566499999999996,0.04371307937529024,0
25314149,15.72805,1.0238999999999994,0.026942807825109997,0
925928,15.64255,1.1085,0.04642974852078744,0
37383565,15.627,1.0432249999999998,0.044477931218343626,0
1000924,15.5662,0.9523499999999999,0.04764232974498928,0
3798789,15.4949,1.1156,0.06766177762479429,0
3814533,15.4777,1.213975,0.04445038558933666,0
24733541,15.452449999999999,1.159575,0.040651425109261244,0
945122,15.447000000000001,0.944,0.04223782694309928,0
24733257,15.4393,1.1014,0.05824801470787624,0
25658017,15.41775,0.7697499999999999,0.08678404242115849,0
26397869,15.347000000000001,1.0323,0.04614649966558409,0
24360105,15.331700000000001,0.844125,0.09340077390328827,0
940722,15.2964,1.1249,0.0,0
1009454,15.2944,0.9365,0.044791266657086756,0
37383721,15.2781,0.6722000000000001,0.04269924640702504,0
55458561,15.263,1.2612249999999994,0.002281508239829533,0
39287697,15.167249999999996,3.1434999999999995,0.0056531009530612075,0
943306,15.13935,1.1035,0.0035315594233343763,0
998971,15.1288,0.7942499999999999,0.04316118714031398,0
948842,15.1264,1.24725,0.052368962895345664,0
1000946,15.07925,0.763625,0.05030469210085061,0
25170473,15.0213,0.931925,0.007582650894752806,0
3814905,14.994,0.9434999999999999,0.04183435604771189,0
942630,14.972199999999999,1.2595,0.0007494616369908832,0
3766945,14.969899999999997,1.201325,0.05713458535420413,0
24558841,14.963999999999999,0.7552999999999999,0.09067183136332727,0
925942,14.9608,1.250425,0.06839977159143902,0
3814781,14.958950000000002,0.36179999999999995,0.05609679775678243,0
24840653,14.9548,0.8472999999999998,0.04600301511637594,0
940798,14.9375,0.9840499999999999,0.04276355619113033,0
25658145,14.9202,0.799925,0.05530715200929887,0
1000127,14.893849999999999,0.3345249999999995,0.02034471974637788,0
37476529,14.88315,0.97675,0.003275527811050034,0
947084,14.866,0.9138,0.04105775082783486,0
24869165,14.864149999999999,1.178775,0.07944869392216655,0
32180549,14.8166,0.219775,0.05597227464862972,0
26490397,14.7759,0.27784999999999993,0.04577899488781505,0
1000776,14.736,0.4802999999999997,0.04426936480026727,0
3880653,14.72185,0.799125,0.049322999318962134,0
3814873,14.7,0.7442,0.04950920936654445,0
925886,14.669599999999999,0.37144999999999984,0.04746146161969482,0
37320893,14.641,0.40909999999999996,0.010868914739422695,0
55105449,14.5765,0.732775,0.015377548359639674,0
3602917,14.568200000000001,2.724625,0.0026369381364334597,0
55492413,14.5244,1.143575,0.007322160453188488,0
3814917,14.451,0.16412499999999997,0.09196653365168597,0
24525893,14.4488,0.83,0.0388365550948127,0
38616705,14.4132,0.32935000000000003,0.04776106826615089,0
38966261,14.410999999999996,1.475,0.0030344648194707063,0
943236,14.402,0.725,0.03629974450197865,0
36509057,14.3416,1.6440749999999995,0.00910656334856613,0
55492141,14.296100000000001,2.526,0.0,0
1010466,14.293,0.43889999999999985,0.03924161907917789,0
24807017,14.228299999999999,0.8491999999999998,0.0067245897642332205,0
940708,14.2232,0.3828,0.04113609973491983,0
40729713,14.189,1.4461749999999995,0.0015507290634181408,0
3814893,14.1196,0.511,0.000548305735277991,0
948764,14.10235,0.39175000000000004,0.006438648738049123,0
24558989,14.0924,0.34724999999999934,0.07163835870042157,0
1000774,14.032,0.15579999999999997,0.10994873511148265,0
24839509,13.92,1.5618,0.0005414067914067915,0
24525817,13.9186,0.5056999999999999,0.045560332473230415,0
940736,13.8801,0.8501999999999998,0.005535977365968504,0
3798765,13.861500000000001,3.6959,0.02127047441124444,0
22634805,13.854,2.4926000000000004,0.0038595541349563545,0
54730205,13.743,0.3262999999999999,0.04460386150625088,0
25170477,13.7368,2.7389,0.009752333072178416,0
55105125,13.705949999999998,0.9060999999999998,0.05977446608620246,0
55518753,13.6284,2.4646,0.0012116240146333348,0
1006458,13.5727,0.32527500000000004,0.05291183548401771,0
25314289,13.52385,1.2426,0.002256701884944847,0
38098293,13.4126,1.0967500000000001,0.0,0
5281653,13.316550000000001,0.659725,0.0004527345164795364,0
55492353,13.066450000000001,3.0021999999999984,0.009711085729154946,0
25314109,12.9542,2.7702750000000003,0.026676553169704215,0
25170393,12.875,1.671199999999999,0.003977708080093662,0
33658777,12.72025,1.214375,0.0027896224845799737,0
38407129,12.687000000000001,1.149975,0.003474252833763457,0
24839785,12.5945,0.948475,0.0007567016265807094,0
941974,12.583400000000001,2.9017999999999997,0.03033163798617726,0
942250,12.545449999999994,2.36,0.0003950851408478527,0
24806681,12.5327,0.860975,0.0008114176827848628,0
38098497,12.4916,1.1184,0.045510338778300984,0
37991977,12.46345,0.9522999999999999,0.41498804173495424,0
24733397,12.45905,0.8399,0.0011706876935780619,0
3551869,12.45535,2.826475,0.03795284980451853,0
37692901,12.44665,0.7010000000000001,0.0016234285463426832,0
25170505,12.4322,1.2961499999999997,0.01312426350617505,0
25658105,12.3988,1.1886499999999995,0.005635513498740816,0
37992197,12.378499999999999,1.8943999999999999,0.0,0
3914289,12.3756,0.61775,0.009313655251468692,0
38616777,12.3122,1.206125,0.0,0
25314253,12.303199999999999,0.8772,0.019885128569924332,0
54730393,12.2752,1.066125,0.0008497395725364362,0
26748541,12.274000000000001,1.0409999999999997,0.0,0
55492185,12.2335,0.997625,0.0110680302186102,0
38098085,12.1623,0.40564999999999973,0.05126206216591439,0
942216,12.116900000000001,0.41292499999999993,0.05770135448970939,0
24806961,12.098500000000001,1.1801,0.0008811228736837287,0
25658141,12.065999999999999,0.44584999999999997,0.17689172157882369,0
3898913,12.064499999999999,0.9282999999999996,0.004804154385150375,0
25170409,12.05705,2.6502999999999997,0.04253102614056508,0
54730273,11.9595,0.897,0.04590831037831431,0
24195149,11.955,0.5724999999999999,0.006573856867240607,0
3994925,11.919,0.8565999999999999,0.003814844017567437,0
1002462,11.9048,0.6937999999999998,0.007505135048721815,0
1006778,11.8885,0.5484749999999999,0.0021888463145076148,0
25755169,11.877,0.5029999999999994,0.013364895787811568,0
996265,11.85735,2.7090499999999995,0.0035571226014087846,0
942822,11.741499999999998,0.5774499999999998,0.0004395990856339019,0
24806665,11.692,1.079025,0.0,0
998059,11.6872,0.8205,0.0,0
24839469,11.661,0.646325,0.000798701769751061,0
1010046,11.597,1.0502999999999996,0.0004916420845624386,0
950176,11.508700000000001,2.8291999999999997,0.09595151868194425,0
55518553,11.485999999999986,0.40160000000000023,0.015145852094103244,0
1000023,11.475199999999997,0.51555,0.014584866707137682,0
55458553,11.456850000000001,2.8745499999999997,0.011587439168420257,0
25314293,11.45455,1.3912499999999999,0.019413779145063502,0
3880401,11.435,0.44034999999999996,0.0022179361901995894,0
942138,11.43495,2.05265,0.00042003570303475793,0
1000850,11.3892,1.1796,0.002309287136237156,0
24733281,11.377799999999993,1.5169999999999961,0.03232396801645917,0
942214,11.3759,0.4808999999999998,0.003185351407893288,0
79301241,11.313,0.52915,0.0048444488327502545,0
3880293,11.2955,0.5341,0.0004500450045004501,0
25658013,11.254,0.2612499999999996,0.0,0
55458489,11.211,2.8410999999999995,0.0,0
55492197,11.186399999999999,0.6330749999999998,0.009753012136696847,0
25755141,11.1647,2.7869499999999996,0.011247640951185342,0
24767673,11.147799999999998,0.4405749999999997,0.0028188948832058892,0
24329113,11.060799999999999,0.6245999999999999,0.008390525904051892,0
3892917,10.9816,0.3697499999999998,0.001252819903287587,0
25754945,10.95275,0.5292499999999999,0.005002321143902205,0
3799009,10.868500000000001,0.7137,0.0,0
3798801,10.6867,1.0397499999999997,0.0057379138942696695,0
38966229,10.583549999999999,0.2929999999999998,0.011880880472570852,0
79301237,10.486699999999999,1.1094000000000002,0.002480675820666262,0
37383577,10.3921,1.227675,0.011186998995879096,0
1001956,10.22595,0.41149999999999987,0.030968482669774373,0
25658129,10.196,0.73025,0.00042316936930837196,0
1000764,10.1467,0.898825,0.030983642025719713,0
55492133,10.100399999999999,0.818,0.002100513958454708,0
24807141,10.038,1.400275,0.008627497043935216,0
55492217,10.031799999999999,0.9956999999999998,0.02145614491600244,0
1000161,9.9573,1.513625,0.0,0
24767653,9.94575,0.74665,0.0025806015802736604,0
1001984,9.840499999999999,1.3451000000000002,0.0003975732131071937,0
943190,9.82875,0.6950499999999995,0.0004618084418583171,0
1000852,9.7064,0.5685499999999999,0.0021887367546229346,0
40729705,9.7,1.1595,0.0016655060450991876,0
25834689,9.698,0.5022999999999999,0.0012502174336790118,0
54730425,9.60275,0.229875,0.0031968835285378686,0
26226097,9.584950000000001,0.61125,0.0033374797728471695,0
55519265,9.4835,1.76375,0.005028288506107091,0
941740,9.465,0.30459999999999987,0.0,0
25658001,9.4514,0.3462999999999999,0.0019960603583924945,0
3814777,9.437,0.6094999999999999,0.0033785598903415034,0
37383545,9.4168,0.392125,0.0051872879979010115,0
24767669,9.3987,0.32069999999999993,0.003602019841467068,0
3898529,9.37365,0.34335,0.0016666464268996818,0
24558885,9.3718,0.403375,0.003609949583730679,0
25170509,9.352,1.0193499999999998,0.0,0
25658121,9.3368,0.27179999999999976,0.005559567684707167,0
24559045,9.1828,0.248,0.0016186966618781252,0
38616701,9.05045,0.5493,0.0008984959647264575,0
25754677,9.003,0.47064999999999985,0.11387776651705434,0
4172725,8.9864,0.4645,0.004235020278788219,0
35787417,8.8559,2.4957,0.0007992014168664275,0
1002070,8.751299999999999,0.49124999999999996,0.006496999041818153,0
55518837,8.6578,2.477625,0.009120234491837747,0
1001922,8.606,2.5373,0.031098601073859394,0
3551845,8.462,2.856374999999999,0.0073889085618239585,0
942200,8.325249999999999,2.5028750000000004,0.0,0
942020,8.26935,2.5694999999999997,0.0008567417394405338,0
55492257,8.1304,2.524925,0.004944980910503397,0
35457057,8.024,2.51675,0.006369708764433168,0
3551837,7.7571,0.29539999999999994,0.015031057994124897,0
3798741,7.691,2.53435,0.0016967332288646685,0
38616769,7.679250000000001,1.004525,0.0026262987211931868,0
55492221,7.6226,2.533475,0.008422905250256503,0
26114189,7.581549999999999,1.0090000000000001,0.03523444226425006,0
997351,7.4467,0.7383,0.07422529248743441,0
3551873,7.437,0.5751499999999999,0.0016881097798995004,0
55492149,7.309549999999996,1.0376999999999985,0.0005330035817840696,0
24806645,7.305,1.435975,0.0,0
1000972,7.30465,1.284375,0.008509884073255944,0
38098501,7.165799999999999,1.7171999999999998,0.045378771490547254,0
24806509,7.0763,0.7618999999999996,0.0634638362683241,0
3894077,7.06915,1.014125,0.008869162263576584,0
24839733,7.0397,1.0041,0.0,0
40729725,6.858,0.5643,0.0,0
3708573,6.717,1.115125,0.006885009666044486,0
1011922,6.39205,1.510975,0.004868462003248866,0
38098285,5.737399999999999,0.6982000000000002,0.2597580910414712,0
24806841,5.7185,0.9642999999999999,0.0003816153012471188,0
4172701,5.5524,1.2052,0.00042993000739479617,0
37992169,5.278,0.9607999999999997,0.21484828644555437,0
39876837,4.9308,0.86905,0.01922714362809687,0
24806749,4.8729499999999994,1.289675,0.0,0
26114281,4.6894,1.1726,0.004066782802559189,0
24807269,4.66575,1.2247999999999999,0.0032648796891834534,0
3708677,4.65725,1.07525,0.0019608802993056843,0
3894181,4.655,1.38285,0.0009344697963966914,0
3782201,4.5614,1.2768499999999998,0.0,0
24807209,4.52055,1.1226,0.014665261719502483,0
24734281,4.430199999999999,0.6571,0.021060534919266766,0
55492385,4.36775,1.29475,0.0015397542576443188,0
1000183,4.2673,0.8217499999999999,0.014195664513535227,0
40206065,4.2490000000000006,1.242,0.07919296647184529,0
942274,4.104,1.4043500000000009,0.0230099095966577,0
4172713,4.0783000000000005,0.8345999999999996,0.03025524884231859,0
1006488,4.01375,1.3255,0.0007583340916674249,0
39011053,3.95635,0.666225,0.019007058637570937,0
38098197,3.8867,0.6911249999999999,0.0004102867083517962,0
52491969,3.8575,0.5776999999999999,0.017840461908234767,0
1001298,3.7701,0.77985,0.007462234169637113,0
40729793,3.4105,1.2960999999999872,0.011638013053089457,0
941782,3.362,0.70505,0.0,0
38098273,3.2503,0.5978999999999998,0.010760784855964602,0
3952461,3.16125,0.38639999999999974,0.009405873416722218,0
24839649,2.66965,0.3816999999999999,0.008108151964807553,0
