Unit ID,ISP,Technology,State,Census,timezone_offset,timezone_offset_dst,Download,Upload,Whitebox Model,p95_latency_ms,p95_jitter_ms,avg_loss_pct,risk_flag
925886,Cincinnati Bell,Fiber,OH,Midwest,-5,-4,250,100,ac1750v2,14.5903,0.3565,1.6,1
925942,Cincinnati Bell,Fiber,OH,Midwest,-5,-4,500,125,ac1750v2,15.041,1.24315,0.2,0
24806665,Frontier,Fiber,FL,South,-5,-4,500,500,skwb8,11.70475,1.1749,8,1
3798741,Verizon,Fiber,VA,South,-5,-4,200,200,skwb8,7.6823,2.518175,29.1375,1
942630,Frontier,Fiber,FL,South,-5,-4,500,500,ac1750v2,15.42805,1.27595,7.85,1
37992169,Verizon,Fiber,VA,South,-5,-4,200,200,skwb8,5.3135,0.8534,4.666666667,1
925928,Cincinnati Bell,Fiber,OH,Midwest,-5,-4,500,125,ac1750v2,15.5454,1.13175,0,0
943236,Cincinnati Bell,Fiber,OH,Midwest,-5,-4,500,125,ac1750v2,14.7166,0.574,0.4,0
24806681,Frontier,Fiber,FL,South,-5,-4,500,500,skwb8,12.537,0.9048,3.4,1
1006958,Verizon,Fiber,PA,Northeast,-5,-4,75,75,skwb8,22.33955,1.4205,0.321917808,0
24839469,Frontier,Fiber,FL,South,-5,-4,500,500,skwb8,11.672,0.72185,44.36363636,1
948844,Cincinnati Bell,Fiber,KY,South,-5,-4,500,125,skwb8,19.6016,2.280625,0.88,0
24806961,Frontier,Fiber,FL,South,-5,-4,500,500,skwb8,12.1163,1.18765,7.6,1
948646,Cincinnati Bell,Fiber,OH,Midwest,-5,-4,500,125,skwb8,24.9903,1.1803,0.45,0
24839785,Frontier,Fiber,FL,South,-5,-4,500,500,skwb8,12.5312,0.926125,15.5,1
55492133,Verizon,Fiber,VA,South,-5,-4,200,200,skwb8,10.15525,0.79005,41.22,1
940708,Cincinnati Bell,Fiber,OH,Midwest,-5,-4,250,100,ac1750v2,14.1574,0.353375,0,0
24869165,Frontier,Fiber,FL,South,-5,-4,500,500,skwb8,14.7898,1.07105,71.53333333,1
1000946,Cincinnati Bell,Fiber,OH,Midwest,-5,-4,500,125,skwb8,15.474,0.7451,0.4,0
38098497,Frontier,Fiber,FL,South,-5,-4,500,500,skwb8,12.4401,1.17515,29.83333333,1
1001984,Verizon,Fiber,PA,Northeast,-5,-4,200,200,skwb8,10.9822,1.364275,0.336363636,0
940722,Cincinnati Bell,Fiber,OH,Midwest,-5,-4,250,100,ac1750v2,15.2447,1.0954,0,0
24807017,Frontier,Fiber,FL,South,-5,-4,500,500,skwb8,14.2519,0.497,2.0625,1
1002070,Verizon,Fiber,MD,South,-5,-4,100,100,skwb8,8.74305,0.411675,2.366666667,1
40729713,Frontier,Fiber,FL,South,-5,-4,500,500,skwb8,14.18775,1.466025,2.633333333,1
1006458,Cincinnati Bell,Fiber,OH,Midwest,-5,-4,250,100,skwb8,13.6202,0.348125,0.4,0
940736,Cincinnati Bell,Fiber,OH,Midwest,-5,-4,500,125,ac1750v2,17.80755,0.888275,0,0
3551869,Verizon,Fiber,MD,South,-5,-4,100,100,skwb8,12.42405,2.70605,0.4,0
38098293,Frontier,Fiber,FL,South,-5,-4,500,500,skwb8,13.42135,1.10925,2.483333333,1
24806517,Frontier,Fiber,FL,South,-5,-4,500,500,skwb8,16.745,0.8512,7.366666667,1
940798,Cincinnati Bell,Fiber,OH,Midwest,-5,-4,500,125,ac1750v2,14.90205,0.948075,0,0
24840653,Cincinnati Bell,Fiber,OH,Midwest,-5,-4,500,125,skwb8,14.9242,0.837625,25.35714286,1
1010046,Frontier,Fiber,FL,South,-5,-4,500,500,skwb8,11.61375,1.1265,4.833333333,1
25658145,Cincinnati Bell,Fiber,OH,Midwest,-5,-4,500,125,skwb8,14.84725,0.7657,0.3,0
941782,Frontier,Fiber,TX,South,-6,-5,500,500,ac1750v2,3.352,0.6559,4.1,1
26397869,Cincinnati Bell,Fiber,OH,Midwest,-5,-4,500,125,skwb8,15.4239,1.04325,0.4,0
36509057,Frontier,Fiber,FL,South,-5,-4,500,500,skwb8,14.02825,1.261025,4.4,1
37383565,Cincinnati Bell,Fiber,OH,Midwest,-5,-4,500,125,skwb8,15.5598,0.989325,0.4,0
941740,Cincinnati Bell,Fiber,OH,Midwest,-5,-4,500,125,ac1750v2,9.702,0.27075,0,0
37383721,Cincinnati Bell,Fiber,OH,Midwest,-5,-4,500,125,skwb8,15.1115,0.6894,0.3,0
1000850,Frontier,Fiber,FL,South,-5,-4,500,500,skwb8,11.37535,1.1992,15.3,1
55492413,Verizon,Fiber,PA,Northeast,-5,-4,75,75,skwb8,14.541,1.18375,2.9875,1
942274,Frontier,Fiber,TX,South,-6,-5,500,500,ac1750v2,3.8815,2.0465,1.1,1
55492353,Verizon,Fiber,VA,South,-5,-4,75,75,skwb8,12.7486,2.865925,0.35,0
3766945,Frontier,Fiber,FL,South,-5,-4,500,500,skwb8,14.9454,1.175525,4.25,1
1001922,Verizon,Fiber,VA,South,-5,-4,100,100,skwb8,8.60015,2.51755,2.766666667,1
998059,Frontier,Fiber,FL,South,-5,-4,500,500,skwb8,11.19775,0.7962,3.95,1
996265,Verizon,Fiber,VA,South,-5,-4,200,200,skwb8,11.78235,2.596825,0.25,0
941974,Verizon,Fiber,VA,South,-5,-4,100,100,ac1750v2,12.5259,2.9546,67.03333333,1
22634805,Verizon,Fiber,VA,South,-5,-4,200,200,skwb8,14.083,2.498475,0.3,0
4172725,Frontier,Fiber,FL,South,-5,-4,500,500,skwb8,8.99335,0.262425,15.4,1
55458553,Verizon,Fiber,VA,South,-5,-4,75,75,skwb8,11.4822,2.8362,66.96666667,1
38616777,Frontier,Fiber,FL,South,-5,-4,500,500,skwb8,12.30445,1.2362,12.5,1
55492385,Verizon,Fiber,MD,South,-5,-4,200,200,skwb8,4.39735,0.9579,0.35,0
942020,Verizon,Fiber,MD,South,-5,-4,100,100,ac1750v2,8.7041,2.6441,0.7,0
55492257,Verizon,Fiber,MD,South,-5,-4,75,75,skwb8,8.1863,2.52285,14.58,1
38966229,Frontier,Fiber,FL,South,-5,-4,500,500,skwb8,10.572,0.245,0.420689655,0
25755141,Verizon,Fiber,MD,South,-5,-4,100,100,skwb8,11.94855,2.790675,35.16666667,1
1000972,Frontier,Fiber,TX,South,-6,-5,500,500,skwb8,7.2836,1.23575,1.2,1
942138,Verizon,Fiber,NJ,Northeast,-5,-4,100,100,ac1750v2,11.509,2.03925,2.36,1
25170409,Verizon,Fiber,VA,South,-5,-4,100,100,skwb8,12.1472,2.6569,66.96666667,1
38098197,Frontier,Fiber,TX,South,-6,-5,500,500,skwb8,3.8766,0.70905,1.2,1
24807209,Frontier,Fiber,TX,South,-6,-5,500,500,skwb8,4.4922,1.152125,1.2,1
1001298,Verizon,Fiber,MD,South,-5,-4,200,200,skwb8,3.8838,0.39915,0.3,0
942200,Verizon,Fiber,NY,Northeast,-5,-4,100,100,ac1750v2,8.2667,2.5442,3.725,1
1011922,Verizon,Fiber,VA,South,-5,-4,200,200,skwb8,6.4862,1.517875,0.4,0
3782201,Frontier,Fiber,TX,South,-6,-5,500,500,skwb8,4.5241,1.25485,2.95,1
3551845,Verizon,Fiber,VA,South,-5,-4,100,100,skwb8,8.4666,2.654775,0.3,0
38098501,Frontier,Fiber,TX,South,-6,-5,500,500,skwb8,7.01235,1.36475,1.66,1
55492221,Verizon,Fiber,VA,South,-5,-4,200,200,skwb8,7.62505,2.472425,33.65384615,1
942214,Cincinnati Bell,Fiber,OH,Midwest,-5,-4,500,125,ac1750v2,11.719,0.3619,0,0
950176,Verizon,Fiber,MD,South,-5,-4,100,100,skwb8,11.4789,2.7428,0.866666667,0
3952461,Frontier,Fiber,TX,South,-6,-5,500,500,skwb8,3.1724,0.5038,1.2,1
1002196,Verizon,Fiber,MA,Northeast,-5,-4,100,100,skwb8,17.8266,2.67175,10.04117647,1
24839509,Frontier,Fiber,TX,South,-6,-5,500,500,skwb8,13.3528,1.51795,1.2,1
942216,Cincinnati Bell,Fiber,OH,Midwest,-5,-4,500,125,ac1750v2,12.1572,0.385025,0,0
55519265,Verizon,Fiber,VA,South,-5,-4,200,200,skwb8,9.4869,1.7545,2.85,1
24806749,Frontier,Fiber,TX,South,-6,-5,500,500,skwb8,4.96345,1.32985,2.125,1
38098273,Frontier,Fiber,TX,South,-6,-5,500,500,skwb8,3.2263,0.5872,0.45,0
942250,Verizon,Fiber,PA,Northeast,-5,-4,100,100,ac1750v2,13.906,2.5755,5,1
24807269,Frontier,Fiber,TX,South,-6,-5,500,500,skwb8,4.6893,1.187875,0.8,0
997351,Verizon,Fiber,VA,South,-5,-4,200,200,skwb8,9.89655,0.7402,4.57,1
40729725,Frontier,Fiber,TX,South,-6,-5,500,500,skwb8,6.884,0.6155,0,0
1006488,Frontier,Fiber,TX,South,-6,-5,500,500,skwb8,3.977,1.33495,6.15,1
3708573,Frontier,Fiber,TX,South,-6,-5,500,500,skwb8,6.7113,1.135625,5.25,1
942822,Cincinnati Bell,Fiber,OH,Midwest,-5,-4,500,125,ac1750v2,11.81245,0.50625,0,0
3894181,Frontier,Fiber,TX,South,-6,-5,500,500,skwb8,4.664,1.3833,4.366666667,1
943190,Cincinnati Bell,Fiber,OH,Midwest,-5,-4,250,100,ac1750v2,9.8392,0.761175,0,0
24839649,Frontier,Fiber,TX,South,-6,-5,500,500,skwb8,2.60145,0.2945,0.2,0
24559133,Cincinnati Bell,Fiber,OH,Midwest,-5,-4,500,125,skwb8,65.5105,0.4654,0.4,1
943226,Cincinnati Bell,Fiber,OH,Midwest,-5,-4,500,125,ac1750v2,19.262,0.59155,0,0
26114281,Frontier,Fiber,AL,South,-6,-5,500,500,skwb8,4.67255,1.117225,66.83333333,1
40206065,Frontier,Fiber,TX,South,-6,-5,500,500,skwb8,4.14505,1.2114,1.1,1
943230,Cincinnati Bell,Fiber,OH,Midwest,-5,-4,500,125,ac1750v2,24.3238,1.06905,0,0
24806645,Frontier,Fiber,TX,South,-6,-5,500,500,skwb8,7.3042,1.43825,0.8,0
3551837,Verizon,Fiber,PA,Northeast,-5,-4,200,200,skwb8,7.76215,0.33755,0,0
943232,Cincinnati Bell,Fiber,OH,Midwest,-5,-4,500,125,ac1750v2,20.6053,0.3185,0,0
24767701,Cincinnati Bell,Fiber,OH,Midwest,-5,-4,250,100,skwb8,15.7124,1.21315,2.2,1
3798789,Cincinnati Bell,Fiber,OH,Midwest,-5,-4,250,100,skwb8,15.313,1.13265,0,0
24525893,Cincinnati Bell,Fiber,OH,Midwest,-5,-4,500,125,skwb8,14.41035,0.8236,0.5,0
1009424,Cincinnati Bell,Fiber,OH,Midwest,-5,-4,500,125,skwb8,15.67975,1.21175,0,0
943266,Cincinnati Bell,Fiber,KY,South,-5,-4,500,125,ac1750v2,17.723,1.068125,0.6,0
35457057,Verizon,Fiber,MD,South,-5,-4,200,200,skwb8,8.017,2.462875,0,0
54730273,Cincinnati Bell,Fiber,OH,Midwest,-5,-4,500,125,skwb8,15.415,0.86705,0,0
3914289,Frontier,Fiber,CT,Northeast,-5,-4,500,500,skwb8,11.8312,0.6476,0.2,0
943306,Cincinnati Bell,Fiber,OH,Midwest,-5,-4,250,100,ac1750v2,15.1634,1.0642,0,0
26490401,Cincinnati Bell,Fiber,OH,Midwest,-5,-4,500,125,skwb8,20.01355,0.90935,0,0
945122,Cincinnati Bell,Fiber,OH,Midwest,-5,-4,250,100,ac1750v2,15.38765,0.9451,0,0
947084,Cincinnati Bell,Fiber,OH,Midwest,-5,-4,500,125,ac1750v2,14.88115,0.9775,0,0
1009454,Cincinnati Bell,Fiber,OH,Midwest,-5,-4,500,125,skwb8,15.38,0.965275,0,0
998971,Cincinnati Bell,Fiber,OH,Midwest,-5,-4,500,125,skwb8,14.9663,0.8011,0,0
948764,Cincinnati Bell,Fiber,OH,Midwest,-5,-4,500,125,skwb8,13.9417,0.343525,0,0
25754945,Frontier,Fiber,CT,Northeast,-5,-4,500,500,skwb8,10.96,0.50525,0,0
948842,Cincinnati Bell,Fiber,OH,Midwest,-5,-4,250,100,skwb8,15.136,1.227525,0,0
1000774,Cincinnati Bell,Fiber,OH,Midwest,-5,-4,500,125,skwb8,14.03425,0.137825,0,0
4190285,Verizon,Fiber,MD,South,-5,-4,100,100,skwb8,26.69615,2.813,0,0
24329557,Cincinnati Bell,Fiber,OH,Midwest,-5,-4,250,100,skwb8,19.5625,0.3367,0,0
1001336,Verizon,Fiber,PA,Northeast,-5,-4,100,100,skwb8,18.102,2.774,0.5,0
24558953,Cincinnati Bell,Fiber,OH,Midwest,-5,-4,500,125,skwb8,20.90265,1.0014,0,0
55518837,Verizon,Fiber,VA,South,-5,-4,200,200,skwb8,8.5805,2.484,0.2,0
1001188,Verizon,Fiber,MA,Northeast,-5,-4,75,75,skwb8,15.4338,1.113775,0.3,0
5281653,Cincinnati Bell,Fiber,OH,Midwest,-5,-4,500,125,skwb8,13.67695,0.71865,0.6,0
79301245,Cincinnati Bell,Fiber,KY,South,-5,-4,500,125,skwb8p,21.4126,1.2084,0,0
3551873,Verizon,Fiber,NJ,Northeast,-5,-4,200,200,skwb8,7.789,0.489,0.4,0
1000023,Verizon,Fiber,MA,Northeast,-5,-4,200,200,skwb8,12.1113,0.491025,0.55,0
38616705,Cincinnati Bell,Fiber,OH,Midwest,-5,-4,250,100,skwb8,14.29,0.1715,0,0
25314177,Verizon,Fiber,NY,Northeast,-5,-4,75,75,skwb8,29.0315,1.25955,7.6,1
1000127,Cincinnati Bell,Fiber,OH,Midwest,-5,-4,500,125,skwb8,14.73,0.225025,0,0
1000143,Cincinnati Bell,Fiber,OH,Midwest,-5,-4,250,100,skwb8,21.324,0.494625,0,0
1000161,Frontier,Fiber,CA,West,-8,-7,500,500,skwb8,9.95385,1.63495,2.466666667,1
1000183,Frontier,Fiber,CA,West,-8,-7,500,500,skwb8,4.3865,0.81645,5.2,1
25619365,Cincinnati Bell,Fiber,KY,South,-5,-4,500,125,skwb8,21.7919,1.1844,27,1
1000764,Cincinnati Bell,Fiber,OH,Midwest,-5,-4,500,125,skwb8,11.0276,0.93105,0,0
55105449,Cincinnati Bell,Fiber,OH,Midwest,-5,-4,500,125,skwb8,14.56545,0.70955,0,0
1000776,Cincinnati Bell,Fiber,OH,Midwest,-5,-4,250,100,skwb8,14.739,0.3938,0,0
3814905,Cincinnati Bell,Fiber,OH,Midwest,-5,-4,500,125,skwb8,15.007,0.9545,0.65,0
1000852,Cincinnati Bell,Fiber,OH,Midwest,-5,-4,500,125,skwb8,9.7024,0.613725,0,0
1000924,Cincinnati Bell,Fiber,OH,Midwest,-5,-4,500,125,skwb8,15.2096,0.9687,0.5,0
37383645,Cincinnati Bell,Fiber,KY,South,-5,-4,500,125,skwb8,21.40365,1.0233,0.4,0
24558841,Cincinnati Bell,Fiber,OH,Midwest,-5,-4,500,125,skwb8,14.92525,0.7342,0.3,0
55458557,Verizon,Fiber,MD,South,-5,-4,200,200,skwb8,17.47525,2.48545,0.3,0
1001956,Verizon,Fiber,NY,Northeast,-5,-4,100,100,skwb8,10.206,0.400625,0,0
3994885,Cincinnati Bell,Fiber,OH,Midwest,-5,-4,500,125,skwb8,20.0542,0.4443,0,0
26490397,Cincinnati Bell,Fiber,OH,Midwest,-5,-4,250,100,skwb8,14.757,0.189925,0,0
1010466,Cincinnati Bell,Fiber,OH,Midwest,-5,-4,250,100,skwb8,14.16675,0.334,0,0
24733221,Cincinnati Bell,Fiber,OH,Midwest,-5,-4,500,125,skwb8,21.817,1.2782,1.8,1
25755241,Cincinnati Bell,Fiber,KY,South,-5,-4,500,125,skwb8,23.49715,1.26605,0,0
32180549,Cincinnati Bell,Fiber,OH,Midwest,-5,-4,500,125,skwb8,14.5906,0.26,0,0
1002462,Verizon,Fiber,MA,Northeast,-5,-4,75,75,skwb8,11.8715,0.676425,0,0
24733257,Cincinnati Bell,Fiber,OH,Midwest,-5,-4,500,125,skwb8,15.50075,1.09275,0,0
24329061,Cincinnati Bell,Fiber,KY,South,-5,-4,250,100,skwb8,17.6898,1.306,0.5,0
1006778,Cincinnati Bell,Fiber,KY,South,-5,-4,250,100,skwb8,11.89,0.54655,0,0
24733541,Cincinnati Bell,Fiber,OH,Midwest,-5,-4,250,100,skwb8,15.34785,1.16965,0,0
3814781,Cincinnati Bell,Fiber,OH,Midwest,-5,-4,500,125,skwb8,14.74975,0.3665,0,0
3814533,Cincinnati Bell,Fiber,OH,Midwest,-5,-4,500,125,skwb8,15.31385,1.2132,0,0
24558989,Cincinnati Bell,Fiber,OH,Midwest,-5,-4,500,125,skwb8,14.01265,0.30965,0,0
3892905,Cincinnati Bell,Fiber,OH,Midwest,-5,-4,500,125,skwb8,21.1885,0.226375,0,0
24360105,Cincinnati Bell,Fiber,OH,Midwest,-5,-4,500,125,skwb8,15.4005,0.862075,0,0
37320893,Cincinnati Bell,Fiber,OH,Midwest,-5,-4,500,125,skwb8,14.54675,0.3979,0,0
3602917,Verizon,Fiber,VA,South,-5,-4,200,200,skwb8,14.8625,2.70935,0,0
3708677,Frontier,Fiber,CA,West,-8,-7,500,500,skwb8,4.6116,1.0597,2.466666667,1
3814873,Cincinnati Bell,Fiber,OH,Midwest,-5,-4,500,125,skwb8,14.71205,0.7676,0.4,0
37476529,Cincinnati Bell,Fiber,OH,Midwest,-5,-4,250,100,skwb8,14.8521,0.9595,2.85,1
54730205,Cincinnati Bell,Fiber,OH,Midwest,-5,-4,250,100,skwb8,13.6172,0.319675,0,0
3798765,Verizon,Fiber,PA,Northeast,-5,-4,100,100,skwb8,13.8789,3.847325,0.366666667,0
37692901,Cincinnati Bell,Fiber,OH,Midwest,-5,-4,500,125,skwb8,13.81305,0.672,0,0
3814893,Cincinnati Bell,Fiber,KY,South,-5,-4,500,125,skwb8,14.115,0.429375,0.6,0
3798801,Cincinnati Bell,Fiber,OH,Midwest,-5,-4,500,125,skwb8,10.93225,0.986,2.2,1
24733425,Cincinnati Bell,Fiber,OH,Midwest,-5,-4,250,100,skwb8,22.5515,0.33245,37.1,1
3799009,Cincinnati Bell,Fiber,OH,Midwest,-5,-4,500,125,skwb8,10.4796,0.7758,0,0
24525817,Cincinnati Bell,Fiber,OH,Midwest,-5,-4,500,125,skwb8,13.919,0.523725,1.3,1
25658121,Cincinnati Bell,Fiber,OH,Midwest,-5,-4,500,125,skwb8,9.3731,0.344,0,0
3814777,Cincinnati Bell,Fiber,OH,Midwest,-5,-4,500,125,skwb8,9.4567,0.59075,0,0
25658129,Cincinnati Bell,Fiber,OH,Midwest,-5,-4,500,125,skwb8,10.139,0.700625,0,0
25658141,Cincinnati Bell,Fiber,KY,South,-5,-4,500,125,skwb8,12.28715,0.453875,0.2,0
3898913,Cincinnati Bell,Fiber,OH,Midwest,-5,-4,500,125,skwb8,12.35075,0.6374,0.2,0
24558885,Cincinnati Bell,Fiber,OH,Midwest,-5,-4,500,125,skwb8,9.39405,0.2663,0.2,0
37991977,Cincinnati Bell,Fiber,OH,Midwest,-5,-4,500,125,skwb8,13.7112,0.9613,0.2,0
3994925,Cincinnati Bell,Fiber,OH,Midwest,-5,-4,500,125,skwb8,12.6158,0.84665,0,0
3814917,Cincinnati Bell,Fiber,OH,Midwest,-5,-4,500,125,skwb8,14.4676,0.126475,0,0
3880293,Cincinnati Bell,Fiber,OH,Midwest,-5,-4,500,125,skwb8,11.3895,0.578,0,0
3880401,Cincinnati Bell,Fiber,OH,Midwest,-5,-4,500,125,skwb8,11.4799,0.49935,0,0
24195149,Cincinnati Bell,Fiber,OH,Midwest,-5,-4,250,100,skwb8,11.95605,0.544575,0,0
3880653,Cincinnati Bell,Fiber,OH,Midwest,-5,-4,500,125,skwb8,14.351,0.811975,0,0
24733281,Cincinnati Bell,Fiber,OH,Midwest,-5,-4,500,125,skwb8,10.55035,1.227925,0,0
3892917,Cincinnati Bell,Fiber,KY,South,-5,-4,500,125,skwb8,11.63755,0.26125,0,0
79301241,Cincinnati Bell,Fiber,OH,Midwest,-5,-4,250,100,skwb8p,11.6796,0.492375,0,0
3894077,Frontier,Fiber,IN,Midwest,-5,-4,500,500,skwb8,7.07185,1.43375,0,0
37383545,Cincinnati Bell,Fiber,OH,Midwest,-5,-4,250,100,skwb8,9.404,0.360625,0.35,0
3898433,Verizon,Fiber,DE,South,-5,-4,200,200,skwb8,18.7731,2.803675,0.325,0
3898529,Cincinnati Bell,Fiber,OH,Midwest,-5,-4,500,125,skwb8,9.364,0.2601,0,0
38616701,Cincinnati Bell,Fiber,OH,Midwest,-5,-4,250,100,skwb8,9.05625,0.498175,0,0
25658001,Cincinnati Bell,Fiber,OH,Midwest,-5,-4,500,125,skwb8,9.463,0.30975,0,0
54730393,Cincinnati Bell,Fiber,OH,Midwest,-5,-4,250,100,skwb8,12.386,1.0612,0,0
4172701,Frontier,Fiber,CA,West,-8,-7,500,500,skwb8,5.5555,1.2043,5.4,1
24329113,Cincinnati Bell,Fiber,OH,Midwest,-5,-4,500,125,skwb8,11.05035,0.6387,0,0
37383577,Cincinnati Bell,Fiber,OH,Midwest,-5,-4,250,100,skwb8,10.4816,1.308625,0,0
4172713,Frontier,Fiber,CA,West,-8,-7,500,500,skwb8,4.078,0.34875,0.64,0
33658777,Cincinnati Bell,Fiber,KY,South,-5,-4,500,125,skwb8,12.612,1.218875,27.05,1
25658013,Cincinnati Bell,Fiber,OH,Midwest,-5,-4,500,125,skwb8,12.33525,0.125,0,0
25658017,Cincinnati Bell,Fiber,OH,Midwest,-5,-4,500,125,skwb8,15.4264,0.7374,0,0
38098085,Cincinnati Bell,Fiber,OH,Midwest,-5,-4,250,100,skwb8,12.171,0.3532,0,0
24767653,Cincinnati Bell,Fiber,OH,Midwest,-5,-4,500,125,skwb8,9.9803,0.74115,0,0
26226097,Cincinnati Bell,Fiber,OH,Midwest,-5,-4,500,125,skwb8,9.65325,0.62975,2.1,1
24767669,Cincinnati Bell,Fiber,OH,Midwest,-5,-4,500,125,skwb8,9.3874,0.214125,0,0
54730425,Cincinnati Bell,Fiber,OH,Midwest,-5,-4,250,100,skwb8,9.61645,0.22535,0,0
25834689,Cincinnati Bell,Fiber,OH,Midwest,-5,-4,500,125,skwb8,9.7089,0.5146,0.35,0
24559045,Cincinnati Bell,Fiber,OH,Midwest,-5,-4,250,100,skwb8,9.2107,0.14795,0,0
24733397,Cincinnati Bell,Fiber,OH,Midwest,-5,-4,500,125,skwb8,13.4081,0.8325,0,0
38407129,Cincinnati Bell,Fiber,KY,South,-5,-4,500,125,skwb8,12.857,1.176,2.1,1
24807141,Frontier,Fiber,IN,Midwest,-5,-4,500,500,skwb8,10.046,1.4411,0,0
55458561,Verizon,Fiber,MA,Northeast,-5,-4,75,75,skwb8,15.434,1.037475,5.5,1
24734281,Frontier,Fiber,CA,West,-8,-7,500,500,skwb8,4.331,0.461125,5.2,1
37992197,Verizon,Fiber,MA,Northeast,-5,-4,200,200,skwb8,12.0098,1.8566,0,0
26437409,Verizon,Fiber,PA,Northeast,-5,-4,75,75,skwb8,16.66495,2.80615,0.5,0
25755169,Verizon,Fiber,RI,Northeast,-5,-4,200,200,skwb8,11.9784,0.461575,0.5,0
25170473,Verizon,Fiber,MA,Northeast,-5,-4,75,75,skwb8,15.09555,1.035375,0.275,0
24767673,Cincinnati Bell,Fiber,KY,South,-5,-4,500,125,skwb8,11.21195,0.467675,0,0
25170477,Verizon,Fiber,NY,Northeast,-5,-4,75,75,skwb8,13.74725,2.7478,0.42,0
24806509,Frontier,Fiber,CA,West,-8,-7,500,500,skwb8,6.9506,0.615625,4.4,1
55492141,Verizon,Fiber,MA,Northeast,-5,-4,200,200,skwb8,14.2772,2.5374,0.5,0
25314109,Verizon,Fiber,NJ,Northeast,-5,-4,100,100,skwb8,12.822,2.7669,0,0
25170505,Verizon,Fiber,NY,Northeast,-5,-4,75,75,skwb8,12.45825,1.45905,1.24,1
24806841,Frontier,Fiber,CA,West,-8,-7,500,500,skwb8,5.72075,0.999525,2.5,1
25170509,Verizon,Fiber,NY,Northeast,-5,-4,75,75,skwb8,9.37345,0.959,0.6,0
24839733,Frontier,Fiber,CA,West,-8,-7,500,500,skwb8,7.05055,0.9663,0.533333333,0
55518553,Verizon,Fiber,MA,Northeast,-5,-4,200,200,skwb8,11.59075,0.44535,0.7,0
79301237,Cincinnati Bell,Fiber,OH,Midwest,-5,-4,250,100,skwb8p,10.4736,1.1154,0,0
55492185,Verizon,Fiber,PA,Northeast,-5,-4,200,200,skwb8,12.0895,1.00405,3.25,1
55492441,Verizon,Fiber,NJ,Northeast,-5,-4,75,75,skwb8,17.70735,2.741025,4.566666667,1
24840041,Frontier,Fiber,CA,West,-8,-7,500,500,skwb8,3.99375,0.70505,2.266666667,1
55492197,Verizon,Fiber,MA,Northeast,-5,-4,200,200,skwb8,11.093,0.6127,11.63,1
25170393,Verizon,Fiber,NJ,Northeast,-5,-4,75,75,skwb8,11.8916,1.11555,0,0
55492217,Verizon,Fiber,NY,Northeast,-5,-4,75,75,skwb8,12.3102,1.3017,0,0
26748541,Verizon,Fiber,NJ,Northeast,-5,-4,75,75,skwb8,12.07635,0.993025,0.5,0
39287697,Verizon,Fiber,NY,Northeast,-5,-4,100,100,skwb8,14.24855,2.8611,0.7,0
35787417,Verizon,Fiber,NY,Northeast,-5,-4,75,75,skwb8,8.8579,2.434025,0.3,0
26490529,Verizon,Fiber,MA,Northeast,-5,-4,100,100,skwb8,19.0901,2.7375,21.5,1
25886369,Verizon,Fiber,PA,Northeast,-5,-4,75,75,skwb8,16.33745,2.51445,1.35,1
52491969,Verizon,Fiber,NJ,Northeast,-5,-4,200,200,skwb8,3.8164,0.45675,0,0
25314253,Verizon,Fiber,NJ,Northeast,-5,-4,100,100,skwb8,11.55195,0.86935,0.55,0
25314149,Verizon,Fiber,PA,Northeast,-5,-4,100,100,skwb8,18.83185,0.52535,3.7,1
25314289,Verizon,Fiber,PA,Northeast,-5,-4,75,75,skwb8,13.5117,2.7385,1.333333333,1
25314293,Verizon,Fiber,NY,Northeast,-5,-4,75,75,skwb8,11.0229,1.151,0.433333333,0
25658105,Cincinnati Bell,Fiber,OH,Midwest,-5,-4,500,125,skwb8,13.02875,1.241175,0,0
25754677,Frontier,Fiber,CA,West,-8,-7,500,500,skwb8,8.35045,0.4353,5.2,1
55518753,Verizon,Fiber,PA,Northeast,-5,-4,200,200,skwb8,13.8777,2.4579,0,0
55492149,Verizon,Fiber,NY,Northeast,-5,-4,75,75,skwb8,6.59235,0.7359,0.45,0
26114189,Verizon,Fiber,VA,South,-5,-4,100,100,skwb8,6.11455,0.442525,0,0
38966261,Verizon,Fiber,RI,Northeast,-5,-4,200,200,skwb8,13.61385,1.4865,0.3,0
55105125,Frontier,Fiber,CA,West,-8,-7,500,500,skwb8,13.7806,0.80495,1.35,1
40729705,Frontier,Fiber,CA,West,-8,-7,500,500,skwb8,9.3904,1.0661,19.5,1
38098285,Frontier,Fiber,CA,West,-8,-7,500,500,skwb8,5.59855,0.70465,0.4,0
38616769,Frontier,Fiber,CA,West,-8,-7,500,500,skwb8,7.63085,0.9571,15.6,1
40729793,Frontier,Fiber,CA,West,-8,-7,500,500,skwb8,3.3899,0.3425,1,0
39876837,Frontier,Fiber,CA,West,-8,-7,500,500,skwb8,4.9677,0.6102,1.85,1
39011053,Frontier,Fiber,CA,West,-8,-7,500,500,skwb8,3.9926,0.574925,1.6,1
55458489,Verizon,Fiber,VA,South,-5,-4,75,75,skwb8,0,0,0,0
