Unit ID,ISP,Technology,State,Census,timezone_offset,timezone_offset_dst,Download,Upload,Whitebox Model
447,Verizon,Fiber,PA,Northeast,-5,-4,75.0,75.0,wnr3500l-high
1014,Verizon,Fiber,NJ,Northeast,-5,-4,100.0,100.0,wnr3500l-high
5521,Verizon,Fiber,MD,South,-5,-4,100.0,100.0,wnr3500l-high
5875,Verizon,Fiber,VA,South,-5,-4,100.0,100.0,wnr3500l-high
5968,Verizon,Fiber,MA,Northeast,-5,-4,75.0,75.0,wnr3500l-high
7842,Verizon,Fiber,MA,Northeast,-5,-4,75.0,75.0,wnr3500l-high
7937,Verizon,Fiber,VA,South,-5,-4,100.0,100.0,wnr3500l-high
9555,Verizon,Fiber,NJ,Northeast,-5,-4,100.0,100.0,wnr3500l-high
10571,Verizon,Fiber,MA,Northeast,-5,-4,100.0,100.0,wnr3500l-high
10626,Verizon,Fiber,NE,Midwest,-6,-5,100.0,100.0,wnr3500l-high
11457,Verizon,Fiber,VA,South,-5,-4,75.0,75.0,wnr3500l-high
12485,Verizon,Fiber,VA,South,-5,-4,100.0,100.0,wnr3500l-high
12532,Verizon,Fiber,VA,South,-5,-4,100.0,100.0,wnr3500l-high
12757,Verizon,Fiber,MA,Northeast,-5,-4,75.0,75.0,wnr3500l-high
12979,Verizon,Fiber,MD,South,-5,-4,100.0,100.0,wnr3500l-high
13150,Verizon,Fiber,PA,Northeast,-5,-4,75.0,75.0,wnr3500l-high
14684,Verizon,Fiber,RI,Northeast,-5,-4,100.0,100.0,wnr3500l-high
26477,Verizon,Fiber,MA,Northeast,-5,-4,75.0,75.0,wr1043nd
26623,Verizon,Fiber,VA,South,-5,-4,100.0,100.0,wr1043nd
26672,Verizon,Fiber,NJ,Northeast,-5,-4,75.0,75.0,wr741nd
566354,Verizon,Fiber,MD,South,-5,-4,75.0,75.0,wr741ndv4
638372,Verizon,Fiber,MA,Northeast,-5,-4,100.0,100.0,wdr3600
660260,Verizon,Fiber,PA,Northeast,-5,-4,100.0,100.0,wdr3600
660302,Verizon,Fiber,NJ,Northeast,-5,-4,100.0,100.0,wdr3600
661060,Verizon,Fiber,VA,South,-5,-4,200.0,200.0,wdr3600
675986,Verizon,Fiber,PA,Northeast,-5,-4,200.0,200.0,wdr3600
797080,Verizon,Fiber,NY,Northeast,-5,-4,100.0,100.0,wdr3600
