unit_id,dtime,ddate,target,rtt_avg,rtt_min,rtt_max,rtt_std,successes,failures
3898625,2022-10-06 22:35:03,2022-10-06,sk-1.uhnet.net,66286,65422,69438,329,931,0
39827785,2022-10-11 15:54:33,2022-10-11,sk-1.uhnet.net,114964,113642,126049,791,2150,0
39827785,2022-10-16 02:54:26,2022-10-16,sk-1.uhnet.net,117649,111246,231499,18112,674,2
39827785,2022-10-16 01:54:26,2022-10-16,sk-1.uhnet.net,127296,111549,395900,39790,186,5
39827785,2022-10-13 22:54:30,2022-10-13,sk-1.uhnet.net,127514,111250,282912,35201,883,6
39827785,2022-10-15 22:54:26,2022-10-15,sk-1.uhnet.net,158707,111409,284944,57311,131,5
39827785,2022-10-13 08:54:30,2022-10-13,sk-1.uhnet.net,114841,113570,115791,403,2365,12
40518741,2022-10-16 10:35:41,2022-10-16,sk-1.uhnet.net,127209,123964,149148,1880,2147,0
40518741,2022-10-13 02:56:26,2022-10-13,sk-1.uhnet.net,126267,121329,135527,1838,2085,2
40518741,2022-10-13 09:56:26,2022-10-13,sk-1.uhnet.net,126089,121521,129875,1825,2260,3
40518741,2022-10-15 01:46:43,2022-10-15,sk-1.uhnet.net,129011,125318,154194,2409,2247,4
40518741,2022-10-11 23:52:06,2022-10-11,sk-1.uhnet.net,127636,121993,211307,6738,1989,3
40518741,2022-10-17 22:47:15,2022-10-17,sk-1.uhnet.net,130405,126836,132887,1756,96,0
40518741,2022-10-17 08:39:02,2022-10-17,sk-1.uhnet.net,129018,125631,170788,2946,2181,3
40518741,2022-10-17 21:39:00,2022-10-17,sk-1.uhnet.net,130678,125520,227722,8751,1635,1
40518741,2022-10-12 05:52:06,2022-10-12,sk-1.uhnet.net,126727,121742,129882,1707,2027,0
40518741,2022-10-17 07:39:01,2022-10-17,sk-1.uhnet.net,131840,125526,265978,15117,1485,2
40518741,2022-10-12 09:52:06,2022-10-12,sk-1.uhnet.net,127156,121694,140736,2290,2248,4
40518741,2022-10-16 14:35:42,2022-10-16,sk-1.uhnet.net,130352,121450,286191,19640,1552,1
25886305,2022-10-11 08:49:50,2022-10-11,sk-1.uhnet.net,131739,130490,133102,662,2182,0
25886305,2022-10-13 01:41:31,2022-10-13,sk-1.uhnet.net,132214,130859,133448,686,2209,0
25886305,2022-10-17 00:53:07,2022-10-17,sk-1.uhnet.net,130765,129118,132209,770,2181,0
25886305,2022-10-11 19:56:28,2022-10-11,sk-1.uhnet.net,130484,129741,131833,549,56,0
25886305,2022-10-15 16:41:19,2022-10-15,sk-1.uhnet.net,130957,129336,132304,765,2073,0
25886305,2022-10-12 07:56:23,2022-10-12,sk-1.uhnet.net,132224,130744,133550,685,2244,0
25886305,2022-10-13 20:41:10,2022-10-13,sk-1.uhnet.net,132249,130875,133638,674,2225,0
25886305,2022-10-12 12:56:18,2022-10-12,sk-1.uhnet.net,132248,130798,133554,678,2264,0
55789685,2022-10-19 13:30:26,2022-10-19,sk-1.uhnet.net,84833,83858,85609,320,2084,11
1001850,2022-10-28 13:57:12,2022-10-28,sk-1.uhnet.net,121410,118531,181072,7068,1927,2
1001850,2022-10-24 22:57:11,2022-10-24,sk-1.uhnet.net,122041,120239,152498,2791,1927,1
1001850,2022-10-26 19:12:16,2022-10-26,sk-1.uhnet.net,127359,116406,341032,29479,663,2
1001850,2022-10-29 23:07:12,2022-10-29,sk-1.uhnet.net,123119,120161,168007,5575,2133,2
1001850,2022-10-23 11:57:10,2022-10-23,sk-1.uhnet.net,123950,120285,190959,9344,1857,1
1001850,2022-10-20 00:07:16,2022-10-20,sk-1.uhnet.net,121752,120316,166409,4012,2184,0
1001850,2022-10-22 13:59:29,2022-10-22,sk-1.uhnet.net,123061,120426,179789,6985,1884,3
1001850,2022-10-27 18:57:16,2022-10-27,sk-1.uhnet.net,122031,120226,164841,3774,1336,2
1001850,2022-10-22 00:59:31,2022-10-22,sk-1.uhnet.net,124728,122397,176637,6378,979,2
55703197,2022-10-23 00:24:10,2022-10-23,sk-1.uhnet.net,115889,111986,200537,7544,2248,0
55703197,2022-10-21 10:09:24,2022-10-21,sk-1.uhnet.net,114286,110792,187766,5093,2040,0
55703197,2022-10-20 15:19:15,2022-10-20,sk-1.uhnet.net,118296,112117,309237,19921,2135,0
26159781,2022-10-25 15:05:45,2022-10-25,sk-1.uhnet.net,100012,97611,101549,834,1890,0
26159781,2022-10-17 17:45:00,2022-10-17,sk-1.uhnet.net,97530,95557,98679,726,1565,0
26159781,2022-10-24 18:51:01,2022-10-24,sk-1.uhnet.net,101456,97571,196882,10276,1029,0
55893185,2022-10-25 11:54:41,2022-10-25,sk-1.uhnet.net,129523,117599,370360,25100,2081,18
55893185,2022-10-20 08:32:18,2022-10-20,sk-1.uhnet.net,131959,120853,232156,7613,2019,1
55893185,2022-10-25 01:54:41,2022-10-25,sk-1.uhnet.net,126146,119458,166309,3736,718,0
599808,2022-09-21 07:19:43,2022-09-21,sp1-vm-miami-us.samknows.com,38231,36581,39626,662,2184,0
599808,2022-10-04 00:24:43,2022-10-04,sp1-vm-miami-us.samknows.com,38597,37002,40097,663,2122,2
599808,2022-10-20 07:24:59,2022-10-20,sp1-vm-miami-us.samknows.com,38084,36504,39438,654,2315,0
599808,2022-10-30 15:14:59,2022-10-30,sp1-vm-miami-us.samknows.com,38148,36686,39527,656,2346,1
599808,2022-10-12 06:23:26,2022-10-12,sp1-vm-miami-us.samknows.com,38113,36473,39538,657,2273,1
599808,2022-10-23 14:14:46,2022-10-23,sp1-vm-miami-us.samknows.com,38123,36493,39425,636,1063,0
599808,2022-10-22 19:29:51,2022-10-22,sp1-vm-miami-us.samknows.com,39388,36980,84433,4084,1661,3
599808,2022-10-19 17:24:59,2022-10-19,sp1-vm-miami-us.samknows.com,38130,36498,39577,665,2346,0
599808,2022-09-17 01:14:39,2022-09-17,sp1-vm-miami-us.samknows.com,38327,36510,60230,1382,1854,0
599808,2022-10-15 00:14:48,2022-10-15,sp1-vm-miami-us.samknows.com,38242,36509,48720,816,2157,4
599808,2022-09-16 21:14:39,2022-09-16,sp1-vm-miami-us.samknows.com,38306,36728,39696,663,2313,12
599808,2022-09-21 01:19:44,2022-09-21,sp1-vm-miami-us.samknows.com,39732,36550,121061,8231,979,1
599808,2022-10-13 18:25:56,2022-10-13,sp1-vm-miami-us.samknows.com,38274,36554,52798,1213,1961,1
599808,2022-10-20 20:22:14,2022-10-20,sp1-vm-miami-us.samknows.com,39226,36679,81772,5128,1407,2
599808,2022-10-24 06:24:53,2022-10-24,sp1-vm-miami-us.samknows.com,38086,36632,39460,648,1253,0
599808,2022-10-25 06:14:53,2022-10-25,sp1-vm-miami-us.samknows.com,38542,36934,39887,650,2348,1
599808,2022-09-17 19:29:39,2022-09-17,sp1-vm-miami-us.samknows.com,39313,37293,91263,4343,1475,1
599808,2022-10-20 10:24:59,2022-10-20,sp1-vm-miami-us.samknows.com,38103,36491,39447,656,2365,1
599808,2022-10-28 15:14:56,2022-10-28,sp1-vm-miami-us.samknows.com,38155,36663,40091,694,2325,1
599808,2022-10-17 21:14:48,2022-10-17,sp1-vm-miami-us.samknows.com,38529,36684,68748,2530,1935,9
599808,2022-10-25 05:14:53,2022-10-25,sp1-vm-miami-us.samknows.com,38545,36684,39972,648,1470,0
599808,2022-10-29 09:24:59,2022-10-29,sp1-vm-miami-us.samknows.com,38140,36687,39434,652,2318,0
599808,2022-09-21 15:24:39,2022-09-21,sp1-vm-miami-us.samknows.com,38254,36805,39677,663,2274,0
599808,2022-09-18 08:29:38,2022-09-18,sp1-vm-miami-us.samknows.com,38679,37101,39977,650,2320,0
599808,2022-09-12 02:21:06,2022-09-12,sp1-vm-miami-us.samknows.com,38400,36450,84618,2937,1949,0
599808,2022-09-20 01:14:38,2022-09-20,sp1-vm-miami-us.samknows.com,39111,36686,78297,4096,1562,0
599808,2022-10-24 02:24:53,2022-10-24,sp1-vm-miami-us.samknows.com,38112,36623,39592,661,784,0
24869633,2022-10-04 09:18:31,2022-10-04,sp1-vm-miami-us.samknows.com,13593,12383,14848,553,2297,0
24869633,2022-10-15 23:55:39,2022-10-15,sp1-vm-miami-us.samknows.com,24262,12783,148371,29261,327,2
24869633,2022-10-27 09:50:33,2022-10-27,sp1-vm-miami-us.samknows.com,13715,12546,14820,541,2275,4
24869633,2022-09-16 20:40:11,2022-09-16,sp1-vm-miami-us.samknows.com,26585,12588,209253,40279,570,0
24869633,2022-10-21 08:40:29,2022-10-21,sp1-vm-miami-us.samknows.com,13741,12421,16075,565,2130,0
24869633,2022-10-16 00:55:38,2022-10-16,sp1-vm-miami-us.samknows.com,13994,12516,58449,2748,1158,0
24869633,2022-09-12 05:40:13,2022-09-12,sp1-vm-miami-us.samknows.com,13743,12442,14818,556,2261,2
24869633,2022-10-11 20:37:32,2022-10-11,sp1-vm-miami-us.samknows.com,23061,12518,80374,8487,418,0
24869633,2022-10-20 03:50:29,2022-10-20,sp1-vm-miami-us.samknows.com,13737,12552,14851,547,2254,0
24869633,2022-10-30 14:40:30,2022-10-30,sp1-vm-miami-us.samknows.com,16551,12509,84911,9728,2150,0
24869633,2022-10-31 01:01:33,2022-10-31,sp1-vm-miami-us.samknows.com,13726,12564,22010,789,2264,7
24869633,2022-09-18 04:40:10,2022-09-18,sp1-vm-miami-us.samknows.com,13779,12388,14809,550,2252,0
24869633,2022-09-12 19:40:12,2022-09-12,sp1-vm-miami-us.samknows.com,32109,12757,85499,19707,2088,219
24869633,2022-10-19 01:50:30,2022-10-19,sp1-vm-miami-us.samknows.com,13805,12623,14887,537,2068,0
24869633,2022-10-15 11:50:31,2022-10-15,sp1-vm-miami-us.samknows.com,13695,12515,20683,619,2090,0
24869633,2022-10-16 15:55:38,2022-10-16,sp1-vm-miami-us.samknows.com,16481,12644,65207,9070,1801,0
24869633,2022-10-05 18:45:37,2022-10-05,sp1-vm-miami-us.samknows.com,13735,12239,43920,1632,1739,0
24869633,2022-10-31 17:40:40,2022-10-31,sp1-vm-miami-us.samknows.com,13697,12365,14771,547,2197,0
24869633,2022-10-26 20:43:18,2022-10-26,sp1-vm-miami-us.samknows.com,14419,12542,54016,3926,1391,0
24869633,2022-09-13 14:40:20,2022-09-13,sp1-vm-miami-us.samknows.com,39660,14934,113092,24874,2088,1
24869633,2022-10-29 01:50:30,2022-10-29,sp1-vm-miami-us.samknows.com,16701,12472,112626,11220,1464,0
24869633,2022-10-17 19:40:29,2022-10-17,sp1-vm-miami-us.samknows.com,13746,12387,15154,563,2135,0
24869633,2022-10-29 11:50:30,2022-10-29,sp1-vm-miami-us.samknows.com,13688,12326,15261,561,2207,2
24869633,2022-10-15 07:50:32,2022-10-15,sp1-vm-miami-us.samknows.com,14164,12491,70556,4053,1823,1
24869633,2022-09-17 23:40:10,2022-09-17,sp1-vm-miami-us.samknows.com,35142,12634,233176,50364,854,0
24869633,2022-10-12 16:40:11,2022-10-12,sp1-vm-miami-us.samknows.com,21787,12768,33805,6729,324,1
24869633,2022-09-16 18:40:12,2022-09-16,sp1-vm-miami-us.samknows.com,21003,12391,144182,24820,994,1
24869633,2022-10-19 16:50:29,2022-10-19,sp1-vm-miami-us.samknows.com,13778,12616,14913,535,2223,2
39827457,2022-10-22 21:53:04,2022-10-22,sp1-vm-miami-us.samknows.com,23240,21956,49092,2591,1889,0
39827457,2022-10-21 17:55:45,2022-10-21,sp1-vm-miami-us.samknows.com,23208,22133,45173,1772,2278,0
39827457,2022-10-31 06:55:45,2022-10-31,sp1-vm-miami-us.samknows.com,23361,21884,49438,2829,2254,0
39827457,2022-10-21 03:55:44,2022-10-21,sp1-vm-miami-us.samknows.com,23477,22056,51464,3025,2275,0
39827457,2022-10-23 12:55:46,2022-10-23,sp1-vm-miami-us.samknows.com,23390,22087,50601,2968,2269,0
39827457,2022-10-04 16:55:26,2022-10-04,sp1-vm-miami-us.samknows.com,23779,22464,50064,2516,2262,0
39827457,2022-09-20 20:55:27,2022-09-20,sp1-vm-miami-us.samknows.com,23999,22594,53538,3290,2133,0
39827457,2022-09-18 12:55:26,2022-09-18,sp1-vm-miami-us.samknows.com,23853,22544,50148,2809,2255,0
39827457,2022-10-28 06:55:44,2022-10-28,sp1-vm-miami-us.samknows.com,23445,22140,50653,2855,2216,0
39827457,2022-09-20 12:55:26,2022-09-20,sp1-vm-miami-us.samknows.com,23884,22580,49770,2752,2262,0
39827457,2022-10-23 11:55:46,2022-10-23,sp1-vm-miami-us.samknows.com,23528,21990,53244,3460,2278,0
39827457,2022-10-15 22:08:04,2022-10-15,sp1-vm-miami-us.samknows.com,24685,22659,56522,6148,92,0
39827457,2022-10-17 03:54:03,2022-10-17,sp1-vm-miami-us.samknows.com,23310,22165,48923,2436,2271,0
39827457,2022-10-20 17:04:02,2022-10-20,sp1-vm-miami-us.samknows.com,23399,21896,50563,2947,2252,0
39827457,2022-09-17 20:00:48,2022-09-17,sp1-vm-miami-us.samknows.com,23854,22415,48883,2637,1734,0
39827457,2022-10-29 03:10:46,2022-10-29,sp1-vm-miami-us.samknows.com,23281,22123,49869,2307,2245,0
39827457,2022-09-18 02:00:48,2022-09-18,sp1-vm-miami-us.samknows.com,23746,22430,48475,2394,2303,0
39827457,2022-10-12 03:55:25,2022-10-12,sp1-vm-miami-us.samknows.com,23313,22103,48698,2451,2270,0
39827457,2022-10-19 09:04:02,2022-10-19,sp1-vm-miami-us.samknows.com,23271,21992,50640,2476,2222,0
39827457,2022-09-17 05:55:25,2022-09-17,sp1-vm-miami-us.samknows.com,24308,22900,52110,2951,2299,0
39827457,2022-10-15 09:05:46,2022-10-15,sp1-vm-miami-us.samknows.com,23944,22423,51966,3200,2245,0
39827457,2022-10-29 04:10:46,2022-10-29,sp1-vm-miami-us.samknows.com,23320,22115,46881,2411,2279,0
39827457,2022-10-17 16:54:02,2022-10-17,sp1-vm-miami-us.samknows.com,23319,22143,46329,2078,2250,1
39827457,2022-10-21 04:55:44,2022-10-21,sp1-vm-miami-us.samknows.com,23460,21956,51132,3184,2279,0
39827457,2022-10-24 05:05:46,2022-10-24,sp1-vm-miami-us.samknows.com,23262,22134,46283,2090,2281,0
39827457,2022-09-19 07:55:26,2022-09-19,sp1-vm-miami-us.samknows.com,23880,22398,50842,2953,2297,0
39827457,2022-10-04 20:55:26,2022-10-04,sp1-vm-miami-us.samknows.com,23752,22475,47917,2175,2136,0
39827457,2022-10-30 05:55:44,2022-10-30,sp1-vm-miami-us.samknows.com,23791,22614,49175,2396,2274,0
39827457,2022-10-24 01:05:46,2022-10-24,sp1-vm-miami-us.samknows.com,23388,22144,50911,2743,2262,0
39827457,2022-09-17 14:00:48,2022-09-17,sp1-vm-miami-us.samknows.com,23902,22465,49767,2843,2286,0
39827457,2022-10-31 13:55:44,2022-10-31,sp1-vm-miami-us.samknows.com,23322,21997,48517,2561,2276,0
39827457,2022-10-26 21:06:32,2022-10-26,sp1-vm-miami-us.samknows.com,23797,22404,51284,2568,2269,0
39827457,2022-10-26 15:55:46,2022-10-26,sp1-vm-miami-us.samknows.com,23459,21967,49479,3031,2268,0
39827457,2022-09-13 15:55:26,2022-09-13,sp1-vm-miami-us.samknows.com,23813,22422,51348,2579,2267,0
39827457,2022-10-13 10:05:45,2022-10-13,sp1-vm-miami-us.samknows.com,23247,21932,48711,2347,2301,0
39827457,2022-10-28 23:55:44,2022-10-28,sp1-vm-miami-us.samknows.com,23458,22084,49687,2779,2292,0
39827457,2022-09-18 18:55:26,2022-09-18,sp1-vm-miami-us.samknows.com,23865,22475,51832,2982,2253,0
39827457,2022-10-24 17:05:45,2022-10-24,sp1-vm-miami-us.samknows.com,23394,22093,50352,2602,2256,0
39827457,2022-09-17 07:55:26,2022-09-17,sp1-vm-miami-us.samknows.com,24254,22850,50681,2735,2291,0
39827457,2022-10-05 08:55:25,2022-10-05,sp1-vm-miami-us.samknows.com,23890,22416,51704,3021,2183,0
39827457,2022-09-20 00:10:26,2022-09-20,sp1-vm-miami-us.samknows.com,23769,22451,48339,2441,2260,0
39827457,2022-10-31 08:55:45,2022-10-31,sp1-vm-miami-us.samknows.com,23591,21932,49768,3079,2172,6
39827457,2022-10-23 07:55:45,2022-10-23,sp1-vm-miami-us.samknows.com,23262,21924,48103,2399,2289,0
39827457,2022-10-05 16:05:26,2022-10-05,sp1-vm-miami-us.samknows.com,23864,22485,50156,2686,2264,0
39827457,2022-09-21 05:55:26,2022-09-21,sp1-vm-miami-us.samknows.com,23881,22413,50647,2714,2298,0
25754881,2022-10-16 13:48:37,2022-10-16,sp1-vm-miami-us.samknows.com,19180,13509,37020,1770,1561,0
25754881,2022-10-27 16:43:40,2022-10-27,sp1-vm-miami-us.samknows.com,17023,12615,25694,1622,2242,0
25754881,2022-10-05 07:33:33,2022-10-05,sp1-vm-miami-us.samknows.com,16011,11841,20554,821,2281,0
25754881,2022-10-22 21:32:05,2022-10-22,sp1-vm-miami-us.samknows.com,20490,14263,32795,2322,1938,0
25754881,2022-10-19 18:43:36,2022-10-19,sp1-vm-miami-us.samknows.com,17267,11363,30268,1938,2279,0
25754881,2022-10-26 22:42:04,2022-10-26,sp1-vm-miami-us.samknows.com,18042,12703,32808,2833,261,0
25754881,2022-10-20 19:43:35,2022-10-20,sp1-vm-miami-us.samknows.com,18248,12984,27063,2166,159,0
25754881,2022-10-26 08:33:39,2022-10-26,sp1-vm-miami-us.samknows.com,16686,11374,22359,1014,1508,0
25754881,2022-10-19 17:43:36,2022-10-19,sp1-vm-miami-us.samknows.com,17066,11035,25882,1642,2303,0
25754881,2022-10-11 16:43:32,2022-10-11,sp1-vm-miami-us.samknows.com,19301,14631,30104,1576,2210,0
25754881,2022-10-26 23:43:40,2022-10-26,sp1-vm-miami-us.samknows.com,17301,11095,26850,1735,2281,0
25754881,2022-10-20 06:43:36,2022-10-20,sp1-vm-miami-us.samknows.com,16447,11655,19710,905,1562,0
25754881,2022-10-04 15:33:34,2022-10-04,sp1-vm-miami-us.samknows.com,16433,11820,23587,1143,2279,0
25754881,2022-09-12 08:48:35,2022-09-12,sp1-vm-miami-us.samknows.com,16751,11206,24561,1273,2250,0
25754881,2022-10-25 16:36:58,2022-10-25,sp1-vm-miami-us.samknows.com,19177,13358,27613,1610,2265,0
25754881,2022-10-21 09:33:38,2022-10-21,sp1-vm-miami-us.samknows.com,16879,11710,25480,1399,1481,0
25754881,2022-09-18 16:38:36,2022-09-18,sp1-vm-miami-us.samknows.com,17370,10772,52817,3623,2133,0
25754881,2022-09-17 16:33:35,2022-09-17,sp1-vm-miami-us.samknows.com,17821,11172,32379,2281,2222,0
25754881,2022-10-17 22:33:38,2022-10-17,sp1-vm-miami-us.samknows.com,17550,10909,33483,2425,2267,0
25754881,2022-10-19 21:43:36,2022-10-19,sp1-vm-miami-us.samknows.com,17601,11132,32211,2223,2286,0
25754881,2022-09-12 22:48:35,2022-09-12,sp1-vm-miami-us.samknows.com,19541,11937,55594,5389,2210,0
25754881,2022-10-16 15:48:38,2022-10-16,sp1-vm-miami-us.samknows.com,20238,13049,75767,5460,2223,0
25754881,2022-09-18 20:38:36,2022-09-18,sp1-vm-miami-us.samknows.com,22063,11171,98012,11042,2005,0
25754881,2022-10-30 01:46:10,2022-10-30,sp1-vm-miami-us.samknows.com,17208,12002,23327,1167,2172,0
25754881,2022-09-13 01:38:46,2022-09-13,sp1-vm-miami-us.samknows.com,16093,11951,24109,1084,2254,1
25754881,2022-10-29 02:43:48,2022-10-29,sp1-vm-miami-us.samknows.com,18889,14915,24802,983,2289,0
25754881,2022-10-20 13:43:35,2022-10-20,sp1-vm-miami-us.samknows.com,17063,13123,25723,1456,1301,0
25754881,2022-10-17 08:33:39,2022-10-17,sp1-vm-miami-us.samknows.com,17239,11284,28876,2066,2142,0
25754881,2022-10-04 11:33:33,2022-10-04,sp1-vm-miami-us.samknows.com,16478,12530,24300,1325,2281,0
25754881,2022-10-20 20:32:04,2022-10-20,sp1-vm-miami-us.samknows.com,17622,15196,34869,2774,58,0
25754881,2022-10-22 15:43:38,2022-10-22,sp1-vm-miami-us.samknows.com,20622,13629,33046,2354,2307,0
25754881,2022-10-25 03:48:39,2022-10-25,sp1-vm-miami-us.samknows.com,18872,13855,24141,947,2271,0
25754881,2022-10-17 22:42:05,2022-10-17,sp1-vm-miami-us.samknows.com,16803,11214,24087,1617,273,0
25754881,2022-10-13 14:43:37,2022-10-13,sp1-vm-miami-us.samknows.com,18958,13725,25632,1187,2202,0
25754881,2022-10-27 02:43:40,2022-10-27,sp1-vm-miami-us.samknows.com,16458,12536,23363,1029,2281,0
25754881,2022-10-12 07:33:33,2022-10-12,sp1-vm-miami-us.samknows.com,18637,14992,25760,1014,2276,0
25754881,2022-10-04 08:33:33,2022-10-04,sp1-vm-miami-us.samknows.com,16178,12562,23185,1094,2103,0
39827461,2022-09-17 18:41:38,2022-09-17,sp1-vm-miami-us.samknows.com,23860,16644,43172,3390,2281,0
39827461,2022-10-29 15:41:55,2022-10-29,sp1-vm-miami-us.samknows.com,21982,16255,41926,2257,2299,2
39827461,2022-09-21 16:40:13,2022-09-21,sp1-vm-miami-us.samknows.com,23927,15833,81339,4803,2096,0
39827461,2022-10-30 02:51:38,2022-10-30,sp1-vm-miami-us.samknows.com,37908,17795,252384,54737,2284,1
39827461,2022-10-21 20:41:51,2022-10-21,sp1-vm-miami-us.samknows.com,116798,19405,247344,91903,738,0
39827461,2022-10-31 09:56:45,2022-10-31,sp1-vm-miami-us.samknows.com,22285,16380,38855,2277,2148,0
39827461,2022-10-17 22:41:29,2022-10-17,sp1-vm-miami-us.samknows.com,33940,22066,99191,17223,51,0
39827461,2022-10-20 01:41:37,2022-10-20,sp1-vm-miami-us.samknows.com,71874,18878,260072,85527,2204,2
39827461,2022-10-28 10:51:54,2022-10-28,sp1-vm-miami-us.samknows.com,22523,17186,57490,2852,2284,0
39827461,2022-10-06 20:56:37,2022-10-06,sp1-vm-miami-us.samknows.com,96203,16434,257369,92537,2293,7
39827461,2022-09-20 05:20:04,2022-09-20,sp1-vm-miami-us.samknows.com,21703,17094,30482,1916,2289,13
39827461,2022-09-12 23:56:42,2022-09-12,sp1-vm-miami-us.samknows.com,110989,19262,276146,96836,2232,12
39827461,2022-09-19 12:20:04,2022-09-19,sp1-vm-miami-us.samknows.com,126425,16216,281910,102909,2269,9
39827461,2022-10-20 17:41:37,2022-10-20,sp1-vm-miami-us.samknows.com,35620,16843,246976,46696,2210,1
39827461,2022-10-29 12:41:55,2022-10-29,sp1-vm-miami-us.samknows.com,22179,18423,34361,2103,2286,0
39827461,2022-10-13 23:41:37,2022-10-13,sp1-vm-miami-us.samknows.com,222988,83613,276793,28372,2196,20
39827461,2022-10-11 13:26:23,2022-10-11,sp1-vm-miami-us.samknows.com,22537,16471,32835,2136,2303,1
39827461,2022-10-26 03:55:31,2022-10-26,sp1-vm-miami-us.samknows.com,21195,18376,30360,1596,2180,0
39827461,2022-09-12 19:56:43,2022-09-12,sp1-vm-miami-us.samknows.com,23694,17726,68973,5723,2254,1
39827461,2022-09-16 20:41:38,2022-09-16,sp1-vm-miami-us.samknows.com,23522,16198,42681,3322,2241,0
39827461,2022-09-16 13:21:09,2022-09-16,sp1-vm-miami-us.samknows.com,22739,15926,49758,3125,2297,0
39827461,2022-10-25 03:53:05,2022-10-25,sp1-vm-miami-us.samknows.com,223224,65167,266647,26957,2035,22
39827461,2022-09-17 00:41:37,2022-09-17,sp1-vm-miami-us.samknows.com,23713,16500,66761,5653,2206,0
39827461,2022-09-13 02:56:42,2022-09-13,sp1-vm-miami-us.samknows.com,27784,17671,233864,30805,2298,4
39827461,2022-09-12 02:56:44,2022-09-12,sp1-vm-miami-us.samknows.com,223515,74023,266528,26343,2198,16
39827461,2022-10-27 16:41:37,2022-10-27,sp1-vm-miami-us.samknows.com,32831,16516,243437,40166,2117,1
39827461,2022-09-18 01:51:53,2022-09-18,sp1-vm-miami-us.samknows.com,137280,19122,265557,100533,2207,4
39827461,2022-10-27 07:41:37,2022-10-27,sp1-vm-miami-us.samknows.com,21547,16856,33648,1901,2286,0
39827461,2022-10-30 17:51:38,2022-10-30,sp1-vm-miami-us.samknows.com,23435,15855,52044,4162,2190,1
39827461,2022-10-26 10:55:31,2022-10-26,sp1-vm-miami-us.samknows.com,22592,15852,99482,4772,2299,2
39827461,2022-10-28 18:51:54,2022-10-28,sp1-vm-miami-us.samknows.com,48405,18395,254737,65847,2194,2
39827461,2022-10-16 13:54:53,2022-10-16,sp1-vm-miami-us.samknows.com,31124,16425,238356,36574,1630,1
39827461,2022-10-19 18:41:38,2022-10-19,sp1-vm-miami-us.samknows.com,35340,17155,215519,37816,2280,1
39827461,2022-09-13 16:41:39,2022-09-13,sp1-vm-miami-us.samknows.com,22599,17604,34856,2475,2119,0
39827461,2022-10-12 00:41:51,2022-10-12,sp1-vm-miami-us.samknows.com,52735,16784,208094,51465,2205,2
39827461,2022-10-04 22:41:38,2022-10-04,sp1-vm-miami-us.samknows.com,214441,19411,274722,42519,2056,15
39827461,2022-09-20 13:41:38,2022-09-20,sp1-vm-miami-us.samknows.com,22841,16434,45287,2987,2302,1
39827461,2022-10-19 16:41:39,2022-10-19,sp1-vm-miami-us.samknows.com,53270,17342,232879,58689,2126,0
39827461,2022-10-13 13:51:42,2022-10-13,sp1-vm-miami-us.samknows.com,22860,16815,68204,3166,2299,0
39827461,2022-09-13 07:41:31,2022-09-13,sp1-vm-miami-us.samknows.com,27296,20061,85334,10224,51,0
24806665,2022-09-20 22:59:33,2022-09-20,sp1-vm-miami-us.samknows.com,10559,8456,12423,1166,2065,0
24806665,2022-09-17 04:06:41,2022-09-17,sp1-vm-miami-us.samknows.com,7481,5739,9715,1162,1898,0
24806665,2022-10-22 02:06:41,2022-10-22,sp1-vm-miami-us.samknows.com,9578,8093,12069,1125,1330,0
24806665,2022-10-11 23:56:41,2022-10-11,sp1-vm-miami-us.samknows.com,11757,9694,13714,1291,471,0
24806665,2022-10-19 08:46:42,2022-10-19,sp1-vm-miami-us.samknows.com,7642,5644,9616,999,645,0
24806665,2022-10-17 10:01:43,2022-10-17,sp1-vm-miami-us.samknows.com,10506,9188,13449,1290,610,0
24806665,2022-09-16 14:06:41,2022-09-16,sp1-vm-miami-us.samknows.com,7543,5700,9674,1027,1988,0
24806665,2022-10-15 03:56:42,2022-10-15,sp1-vm-miami-us.samknows.com,10902,9181,13156,837,543,0
24806665,2022-10-04 04:46:40,2022-10-04,sp1-vm-miami-us.samknows.com,9423,7611,11615,1237,2057,0
24806665,2022-09-20 18:59:33,2022-09-20,sp1-vm-miami-us.samknows.com,10183,8463,12396,1097,1883,0
24806665,2022-10-26 02:01:43,2022-10-26,sp1-vm-miami-us.samknows.com,11481,9743,13801,1204,834,0
24806665,2022-10-11 05:06:39,2022-10-11,sp1-vm-miami-us.samknows.com,9017,7084,11118,1046,894,0
24806665,2022-10-31 16:01:41,2022-10-31,sp1-vm-miami-us.samknows.com,8580,7103,10859,856,471,0
24806665,2022-10-25 08:00:23,2022-10-25,sp1-vm-miami-us.samknows.com,11836,9659,13951,1421,476,0
24806665,2022-10-31 15:01:40,2022-10-31,sp1-vm-miami-us.samknows.com,8962,7131,10989,783,678,0
24806665,2022-10-22 11:06:41,2022-10-22,sp1-vm-miami-us.samknows.com,9894,8117,12010,1113,913,0
24806665,2022-09-16 17:06:41,2022-09-16,sp1-vm-miami-us.samknows.com,7926,5695,9699,1185,2053,0
24806665,2022-10-06 06:01:39,2022-10-06,sp1-vm-miami-us.samknows.com,9733,7800,11749,1210,2007,0
24806665,2022-10-29 19:46:42,2022-10-29,sp1-vm-miami-us.samknows.com,8309,6405,10177,916,400,0
24806665,2022-10-30 13:56:43,2022-10-30,sp1-vm-miami-us.samknows.com,10847,8733,12868,1187,2014,0
24806665,2022-10-20 06:46:41,2022-10-20,sp1-vm-miami-us.samknows.com,7694,5642,9640,1070,1617,0
24806665,2022-10-24 13:56:42,2022-10-24,sp1-vm-miami-us.samknows.com,8989,6688,10622,1157,233,0
24806665,2022-09-16 00:46:40,2022-09-16,sp1-vm-miami-us.samknows.com,11512,9200,13208,1295,2043,0
24806665,2022-10-28 09:56:43,2022-10-28,sp1-vm-miami-us.samknows.com,8486,6376,10633,1202,961,0
24806665,2022-09-19 17:56:40,2022-09-19,sp1-vm-miami-us.samknows.com,11703,9674,13662,1194,2010,0
24806665,2022-09-21 13:01:44,2022-09-21,sp1-vm-miami-us.samknows.com,8668,6428,10299,999,2095,0
24806665,2022-10-12 05:56:40,2022-10-12,sp1-vm-miami-us.samknows.com,11744,9660,13912,1139,1890,0
24806665,2022-10-26 22:01:42,2022-10-26,sp1-vm-miami-us.samknows.com,11632,9806,13462,1078,105,0
24806665,2022-10-04 14:46:40,2022-10-04,sp1-vm-miami-us.samknows.com,8456,6455,10384,1252,957,0
24806665,2022-09-13 06:01:40,2022-09-13,sp1-vm-miami-us.samknows.com,7320,5774,9749,968,2100,0
24806665,2022-09-13 02:01:41,2022-09-13,sp1-vm-miami-us.samknows.com,7841,5776,9757,1246,2079,0
24806665,2022-10-23 19:46:43,2022-10-23,sp1-vm-miami-us.samknows.com,9248,7581,11966,1289,1043,0
24806665,2022-10-29 07:46:42,2022-10-29,sp1-vm-miami-us.samknows.com,8274,6331,10255,1073,1881,0
24806665,2022-10-04 18:46:41,2022-10-04,sp1-vm-miami-us.samknows.com,8393,6433,10436,1199,1879,0
24806665,2022-10-27 02:46:43,2022-10-27,sp1-vm-miami-us.samknows.com,8410,6353,10380,1090,1127,0
24806665,2022-10-29 11:46:43,2022-10-29,sp1-vm-miami-us.samknows.com,8205,6346,10369,1009,1132,0
24806665,2022-09-19 04:54:39,2022-09-19,sp1-vm-miami-us.samknows.com,8459,6373,10393,1007,2064,0
24806665,2022-10-15 10:56:42,2022-10-15,sp1-vm-miami-us.samknows.com,11040,9186,13246,1090,522,0
24806665,2022-09-17 03:06:40,2022-09-17,sp1-vm-miami-us.samknows.com,7677,5742,9719,1018,2141,0
24806665,2022-09-16 22:06:41,2022-09-16,sp1-vm-miami-us.samknows.com,7542,5762,9647,986,1915,0
24806665,2022-10-16 19:58:47,2022-10-16,sp1-vm-miami-us.samknows.com,8936,6665,10848,1198,1827,0
24806665,2022-10-16 05:58:47,2022-10-16,sp1-vm-miami-us.samknows.com,8771,6656,10677,1276,1274,0
24806665,2022-10-11 03:06:39,2022-10-11,sp1-vm-miami-us.samknows.com,9314,7054,11065,1129,726,0
24806665,2022-10-04 03:46:41,2022-10-04,sp1-vm-miami-us.samknows.com,9426,7606,11620,1234,2083,0
24806665,2022-09-18 11:54:39,2022-09-18,sp1-vm-miami-us.samknows.com,8370,6425,10391,1149,225,0
24806665,2022-09-19 08:54:38,2022-09-19,sp1-vm-miami-us.samknows.com,8531,6373,10370,1070,1935,0
24806665,2022-10-29 22:46:42,2022-10-29,sp1-vm-miami-us.samknows.com,8139,6383,10556,1160,795,0
24806665,2022-10-23 11:46:42,2022-10-23,sp1-vm-miami-us.samknows.com,9573,7623,11665,1189,591,0
24806665,2022-10-24 14:56:42,2022-10-24,sp1-vm-miami-us.samknows.com,8752,6667,10952,1224,630,0
24806665,2022-10-20 10:46:41,2022-10-20,sp1-vm-miami-us.samknows.com,7380,5654,9679,1203,1350,0
80214025,2022-10-25 16:00:25,2022-10-25,sp1-vm-miami-us.samknows.com,24294,22712,55264,3105,2196,0
80214025,2022-09-16 02:00:17,2022-09-16,sp1-vm-miami-us.samknows.com,24185,22726,47773,2584,2269,0
80214025,2022-10-31 02:00:25,2022-10-31,sp1-vm-miami-us.samknows.com,24731,23233,52770,2745,2153,1
80214025,2022-10-13 06:10:05,2022-10-13,sp1-vm-miami-us.samknows.com,24224,22739,53343,2960,2202,0
80214025,2022-10-30 05:00:26,2022-10-30,sp1-vm-miami-us.samknows.com,24130,22805,47014,2125,1916,0
80214025,2022-09-19 08:00:06,2022-09-19,sp1-vm-miami-us.samknows.com,24165,22760,50087,2417,2080,1
80214025,2022-10-04 00:58:42,2022-10-04,sp1-vm-miami-us.samknows.com,24257,22747,52599,2795,2071,0
80214025,2022-10-24 14:19:43,2022-10-24,sp1-vm-miami-us.samknows.com,23885,23009,24895,419,67,0
80214025,2022-10-21 01:00:26,2022-10-21,sp1-vm-miami-us.samknows.com,24401,22825,54498,3638,1950,0
80214025,2022-10-23 23:19:44,2022-10-23,sp1-vm-miami-us.samknows.com,24333,23089,52770,3353,98,0
80214025,2022-10-20 08:57:29,2022-10-20,sp1-vm-miami-us.samknows.com,24189,22666,50144,2564,2246,0
80214025,2022-10-24 07:19:44,2022-10-24,sp1-vm-miami-us.samknows.com,24165,22748,48815,2424,2256,0
80214025,2022-10-13 03:10:06,2022-10-13,sp1-vm-miami-us.samknows.com,24128,22727,48946,2260,2296,0
80214025,2022-10-20 22:00:26,2022-10-20,sp1-vm-miami-us.samknows.com,24127,22759,49315,2048,1202,0
80214025,2022-10-27 00:00:25,2022-10-27,sp1-vm-miami-us.samknows.com,24111,22914,50305,2123,1815,0
80214025,2022-09-16 19:00:07,2022-09-16,sp1-vm-miami-us.samknows.com,24352,22747,52263,2920,1770,0
80214025,2022-09-18 09:59:59,2022-09-18,sp1-vm-miami-us.samknows.com,26297,23038,86802,9557,60,0
80214025,2022-10-16 13:00:25,2022-10-16,sp1-vm-miami-us.samknows.com,24175,22709,46334,2242,2172,0
80214025,2022-10-22 17:10:27,2022-10-22,sp1-vm-miami-us.samknows.com,24358,23045,47910,2674,102,0
80214025,2022-10-12 21:00:05,2022-10-12,sp1-vm-miami-us.samknows.com,24345,22780,54014,3017,1510,0
80214025,2022-10-29 00:14:09,2022-10-29,sp1-vm-miami-us.samknows.com,23984,22885,27100,589,137,0
80214025,2022-09-18 13:00:07,2022-09-18,sp1-vm-miami-us.samknows.com,24343,22771,53182,3136,2074,0
80214025,2022-10-05 04:00:05,2022-10-05,sp1-vm-miami-us.samknows.com,24514,23160,49513,2166,1921,1
80214025,2022-09-18 09:57:27,2022-09-18,sp1-vm-miami-us.samknows.com,24373,22769,52285,3004,1617,0
80214025,2022-10-23 04:15:25,2022-10-23,sp1-vm-miami-us.samknows.com,24936,23330,55980,3967,200,0
80214025,2022-10-25 17:00:26,2022-10-25,sp1-vm-miami-us.samknows.com,24103,22749,51932,2237,2300,0
80214025,2022-09-19 10:00:06,2022-09-19,sp1-vm-miami-us.samknows.com,24165,22688,50726,2273,2237,0
80214025,2022-09-16 14:00:08,2022-09-16,sp1-vm-miami-us.samknows.com,24315,22668,50537,2914,2192,0
80214025,2022-09-13 08:00:06,2022-09-13,sp1-vm-miami-us.samknows.com,24663,23000,49634,2669,2002,0
80214025,2022-09-17 09:00:06,2022-09-17,sp1-vm-miami-us.samknows.com,24222,22678,49629,2635,2044,1
80214025,2022-10-16 04:00:25,2022-10-16,sp1-vm-miami-us.samknows.com,24040,22676,44696,1814,1914,0
80214025,2022-09-19 16:00:05,2022-09-19,sp1-vm-miami-us.samknows.com,24297,22738,49063,2718,1965,0
80214025,2022-10-17 17:10:24,2022-10-17,sp1-vm-miami-us.samknows.com,24199,22765,48043,2501,1724,0
80214025,2022-10-12 16:00:05,2022-10-12,sp1-vm-miami-us.samknows.com,25471,22729,60457,4991,1599,0
80214025,2022-09-19 04:00:07,2022-09-19,sp1-vm-miami-us.samknows.com,24177,22689,49912,2603,2185,0
80214025,2022-09-12 11:05:56,2022-09-12,sp1-vm-miami-us.samknows.com,24186,22716,51383,2503,2217,0
80214025,2022-10-22 12:10:27,2022-10-22,sp1-vm-miami-us.samknows.com,24123,22798,48152,2423,530,0
80214025,2022-10-17 09:10:25,2022-10-17,sp1-vm-miami-us.samknows.com,24362,22660,53593,3280,1803,0
80214025,2022-10-19 18:57:29,2022-10-19,sp1-vm-miami-us.samknows.com,24533,22647,52085,3486,2095,0
80214025,2022-09-21 17:10:14,2022-09-21,sp1-vm-miami-us.samknows.com,24266,22723,53463,2682,2150,0
39536141,2022-10-12 14:17:21,2022-10-12,sp1-vm-miami-us.samknows.com,49179,44023,198385,18245,2024,0
39536141,2022-10-22 07:04:58,2022-10-22,sp1-vm-miami-us.samknows.com,43822,41907,45462,840,2282,0
39536141,2022-10-30 04:24:19,2022-10-30,sp1-vm-miami-us.samknows.com,46210,44173,47957,824,2267,0
39536141,2022-10-11 05:07:32,2022-10-11,sp1-vm-miami-us.samknows.com,46572,44187,97231,4418,2305,0
39536141,2022-10-11 01:07:32,2022-10-11,sp1-vm-miami-us.samknows.com,46074,44088,47695,838,2109,0
39536141,2022-10-15 18:04:58,2022-10-15,sp1-vm-miami-us.samknows.com,43786,42101,61805,1170,1090,0
39536141,2022-10-28 16:04:58,2022-10-28,sp1-vm-miami-us.samknows.com,45745,44014,50202,928,165,0
39536141,2022-09-20 08:06:23,2022-09-20,sp1-vm-miami-us.samknows.com,43964,42197,45538,818,1831,3
39536141,2022-10-26 14:19:58,2022-10-26,sp1-vm-miami-us.samknows.com,44299,42614,45913,849,179,0
39536141,2022-10-29 09:19:59,2022-10-29,sp1-vm-miami-us.samknows.com,46678,44342,71069,2726,377,0
39536141,2022-09-19 20:06:23,2022-09-19,sp1-vm-miami-us.samknows.com,44048,42530,45655,808,194,0
39536141,2022-10-20 21:13:59,2022-10-20,sp1-vm-miami-us.samknows.com,43738,42249,45583,801,198,0
39536141,2022-10-31 12:04:57,2022-10-31,sp1-vm-miami-us.samknows.com,45904,44001,64359,1384,1947,0
39536141,2022-10-26 21:19:58,2022-10-26,sp1-vm-miami-us.samknows.com,44292,42704,45918,827,197,0
39536141,2022-10-29 20:19:58,2022-10-29,sp1-vm-miami-us.samknows.com,46201,44610,49951,850,820,0
39536141,2022-09-20 15:21:23,2022-09-20,sp1-vm-miami-us.samknows.com,44026,42461,45463,820,84,0
39536141,2022-10-05 12:21:22,2022-10-05,sp1-vm-miami-us.samknows.com,44229,42379,45854,820,2247,7
39536141,2022-10-21 12:24:58,2022-10-21,sp1-vm-miami-us.samknows.com,44238,42287,46563,837,1981,0
39536141,2022-10-21 15:24:57,2022-10-21,sp1-vm-miami-us.samknows.com,44215,42385,50153,882,2006,4
39536141,2022-10-26 12:19:58,2022-10-26,sp1-vm-miami-us.samknows.com,44318,42574,45899,826,536,0
39536141,2022-10-16 09:14:59,2022-10-16,sp1-vm-miami-us.samknows.com,43938,42082,85008,1985,995,0
39536141,2022-10-20 04:20:13,2022-10-20,sp1-vm-miami-us.samknows.com,43633,41805,45483,809,2268,0
39536141,2022-10-17 06:04:58,2022-10-17,sp1-vm-miami-us.samknows.com,43753,42079,45401,823,823,0
39536141,2022-10-16 23:04:49,2022-10-16,sp1-vm-miami-us.samknows.com,44323,42437,45972,820,406,0
39536141,2022-10-31 21:04:58,2022-10-31,sp1-vm-miami-us.samknows.com,45968,43890,48138,828,2196,0
39536141,2022-10-11 11:07:31,2022-10-11,sp1-vm-miami-us.samknows.com,46170,44372,61209,1065,600,0
39536141,2022-10-27 00:04:09,2022-10-27,sp1-vm-miami-us.samknows.com,45742,43938,47398,822,2148,1
39536141,2022-09-20 04:06:23,2022-09-20,sp1-vm-miami-us.samknows.com,44015,42043,45633,817,2073,8
39536141,2022-10-16 03:14:59,2022-10-16,sp1-vm-miami-us.samknows.com,43784,41716,45518,828,2169,2
39536141,2022-10-29 08:19:59,2022-10-29,sp1-vm-miami-us.samknows.com,46219,44526,49104,863,357,0
39536141,2022-10-24 18:04:58,2022-10-24,sp1-vm-miami-us.samknows.com,44244,42189,46852,866,338,0
39536141,2022-09-20 03:06:23,2022-09-20,sp1-vm-miami-us.samknows.com,44554,42127,91207,4550,2289,2
39536141,2022-09-13 10:21:27,2022-09-13,sp1-vm-miami-us.samknows.com,45685,43735,47298,834,377,0
39536141,2022-10-27 17:04:58,2022-10-27,sp1-vm-miami-us.samknows.com,45647,43832,50312,859,899,0
39536141,2022-10-25 16:15:03,2022-10-25,sp1-vm-miami-us.samknows.com,43829,42079,48310,877,920,0
782,2022-10-15 02:08:36,2022-10-15,sp1-vm-miami-us.samknows.com,26982,25455,53099,1674,2057,0
782,2022-10-06 09:08:00,2022-10-06,sp1-vm-miami-us.samknows.com,26821,25465,27915,402,2046,0
782,2022-10-13 07:07:59,2022-10-13,sp1-vm-miami-us.samknows.com,27770,25930,65874,3070,1315,1
782,2022-10-13 04:08:06,2022-10-13,sp1-vm-miami-us.samknows.com,26779,25461,28334,405,2311,1
782,2022-10-29 05:08:01,2022-10-29,sp1-vm-miami-us.samknows.com,26855,25430,27803,404,2295,0
782,2022-10-16 02:08:48,2022-10-16,sp1-vm-miami-us.samknows.com,26775,25449,27794,396,2231,0
782,2022-10-15 20:08:00,2022-10-15,sp1-vm-miami-us.samknows.com,28449,25954,89700,6510,1161,1
782,2022-10-06 16:08:46,2022-10-06,sp1-vm-miami-us.samknows.com,26828,25453,31207,472,1982,0
782,2022-10-12 08:08:46,2022-10-12,sp1-vm-miami-us.samknows.com,27114,25454,59698,2528,1659,0
782,2022-10-17 22:08:20,2022-10-17,sp1-vm-miami-us.samknows.com,28876,25453,103080,9334,1088,2
782,2022-10-12 17:08:28,2022-10-12,sp1-vm-miami-us.samknows.com,26935,25527,45908,1228,1158,0
782,2022-10-25 11:07:58,2022-10-25,sp1-vm-miami-us.samknows.com,27305,25891,31246,459,1126,0
782,2022-10-12 02:08:56,2022-10-12,sp1-vm-miami-us.samknows.com,26779,25494,27802,397,2130,0
782,2022-10-27 06:08:34,2022-10-27,sp1-vm-miami-us.samknows.com,26887,25464,33561,470,2183,0
782,2022-10-04 11:08:28,2022-10-04,sp1-vm-miami-us.samknows.com,26811,25492,29628,423,2002,1
782,2022-10-19 11:08:10,2022-10-19,sp1-vm-miami-us.samknows.com,26884,25440,34808,670,1926,1
782,2022-10-17 01:08:02,2022-10-17,sp1-vm-miami-us.samknows.com,26952,25703,27871,392,2303,0
782,2022-10-31 18:08:02,2022-10-31,sp1-vm-miami-us.samknows.com,26901,25485,28249,412,2248,0
782,2022-10-15 16:08:08,2022-10-15,sp1-vm-miami-us.samknows.com,27000,25542,27921,394,2323,0
782,2022-10-11 23:08:02,2022-10-11,sp1-vm-miami-us.samknows.com,26881,25459,28297,423,2214,0
782,2022-10-15 09:08:22,2022-10-15,sp1-vm-miami-us.samknows.com,26887,25451,48821,1277,2177,0
782,2022-10-30 10:08:05,2022-10-30,sp1-vm-miami-us.samknows.com,26835,25434,29125,437,2092,2
782,2022-10-17 14:08:37,2022-10-17,sp1-vm-miami-us.samknows.com,30238,25491,111794,12282,871,3
782,2022-10-13 10:08:54,2022-10-13,sp1-vm-miami-us.samknows.com,26889,25532,28537,429,2135,0
782,2022-10-28 00:08:01,2022-10-28,sp1-vm-miami-us.samknows.com,33412,25684,89139,14245,2244,1
782,2022-10-26 21:08:51,2022-10-26,sp1-vm-miami-us.samknows.com,27081,25458,58069,2072,1761,1
782,2022-10-12 11:08:40,2022-10-12,sp1-vm-miami-us.samknows.com,26957,25595,42688,1180,1390,1
782,2022-10-28 13:08:33,2022-10-28,sp1-vm-miami-us.samknows.com,27392,25682,67635,3248,2228,0
782,2022-10-30 09:08:07,2022-10-30,sp1-vm-miami-us.samknows.com,27983,25925,104207,5644,649,0
26226709,2022-10-24 15:46:12,2022-10-24,sp1-vm-miami-us.samknows.com,56168,38257,222476,41875,54,1
26226709,2022-10-31 16:43:36,2022-10-31,sp1-vm-miami-us.samknows.com,44069,39411,169990,16031,86,1
26226709,2022-10-21 03:45:51,2022-10-21,sp1-vm-miami-us.samknows.com,39228,37849,40595,722,2235,0
26226709,2022-10-30 10:05:34,2022-10-30,sp1-vm-miami-us.samknows.com,42003,38128,159488,16578,88,1
26226709,2022-10-21 02:45:50,2022-10-21,sp1-vm-miami-us.samknows.com,39182,37850,40643,725,2250,4
26226709,2022-10-23 23:46:12,2022-10-23,sp1-vm-miami-us.samknows.com,41331,37884,105540,8763,756,4
3893529,2022-10-21 06:08:41,2022-10-21,sp1-vm-miami-us.samknows.com,35820,34078,37207,592,2128,0
3893529,2022-10-05 16:23:39,2022-10-05,sp1-vm-miami-us.samknows.com,35827,33966,37701,621,2272,1
3893529,2022-10-06 21:08:40,2022-10-06,sp1-vm-miami-us.samknows.com,35739,33961,37372,606,2267,0
3893529,2022-10-22 12:18:42,2022-10-22,sp1-vm-miami-us.samknows.com,34829,32945,36815,633,2266,0
3893529,2022-10-17 12:08:40,2022-10-17,sp1-vm-miami-us.samknows.com,35735,33878,46582,739,2149,0
3893529,2022-10-20 22:08:41,2022-10-20,sp1-vm-miami-us.samknows.com,35843,33925,37292,624,2160,0
3893529,2022-10-26 14:08:41,2022-10-26,sp1-vm-miami-us.samknows.com,35833,34107,37289,594,2227,0
3893529,2022-10-30 03:07:14,2022-10-30,sp1-vm-miami-us.samknows.com,35736,34020,37137,601,2283,0
3893529,2022-10-25 13:18:39,2022-10-25,sp1-vm-miami-us.samknows.com,35729,34008,37230,619,2286,0
3893529,2022-10-11 01:18:39,2022-10-11,sp1-vm-miami-us.samknows.com,35811,33896,37330,600,2293,0
3893529,2022-10-24 14:08:41,2022-10-24,sp1-vm-miami-us.samknows.com,34841,33233,36964,622,2265,0
3893529,2022-10-29 02:07:13,2022-10-29,sp1-vm-miami-us.samknows.com,35762,33929,37233,611,2248,0
3893529,2022-09-13 05:08:38,2022-09-13,sp1-vm-miami-us.samknows.com,35967,34477,37210,508,2283,0
3893529,2022-10-16 09:18:42,2022-10-16,sp1-vm-miami-us.samknows.com,35748,33848,38553,631,2289,0
3893529,2022-10-24 06:08:41,2022-10-24,sp1-vm-miami-us.samknows.com,34814,33061,36216,605,2124,0
3893529,2022-09-12 06:08:38,2022-09-12,sp1-vm-miami-us.samknows.com,35918,34390,37056,505,2121,0
3893529,2022-10-26 03:08:41,2022-10-26,sp1-vm-miami-us.samknows.com,35813,33916,37146,609,2281,0
3893529,2022-10-29 22:07:12,2022-10-29,sp1-vm-miami-us.samknows.com,38665,34069,94258,8353,2241,0
3893529,2022-10-25 02:18:41,2022-10-25,sp1-vm-miami-us.samknows.com,35793,33993,37139,598,2243,0
3893529,2022-10-19 03:18:42,2022-10-19,sp1-vm-miami-us.samknows.com,35757,33895,37141,595,2257,0
3893529,2022-10-24 04:08:41,2022-10-24,sp1-vm-miami-us.samknows.com,34741,33012,36209,589,2265,0
3893529,2022-09-13 19:08:37,2022-09-13,sp1-vm-miami-us.samknows.com,55694,34384,237389,42950,2269,3
3893529,2022-10-27 06:18:41,2022-10-27,sp1-vm-miami-us.samknows.com,35808,33840,37222,609,2239,0
3893529,2022-10-25 07:18:40,2022-10-25,sp1-vm-miami-us.samknows.com,35807,33781,37858,623,2283,0
3893529,2022-10-11 04:18:40,2022-10-11,sp1-vm-miami-us.samknows.com,35820,33988,37378,618,2268,0
3893529,2022-10-26 02:08:41,2022-10-26,sp1-vm-miami-us.samknows.com,35788,34076,37205,593,2235,0
3893529,2022-10-23 22:06:01,2022-10-23,sp1-vm-miami-us.samknows.com,34849,33126,36598,623,1694,0
3893529,2022-10-11 12:18:38,2022-10-11,sp1-vm-miami-us.samknows.com,35889,34020,50609,1059,2264,2
3893529,2022-10-23 03:23:41,2022-10-23,sp1-vm-miami-us.samknows.com,34767,32932,36200,604,2264,0
3893529,2022-10-24 18:08:41,2022-10-24,sp1-vm-miami-us.samknows.com,50167,33936,197725,29044,2051,8
3893529,2022-10-26 23:18:32,2022-10-26,sp1-vm-miami-us.samknows.com,37537,34157,188616,15596,96,0
3893529,2022-10-15 02:08:41,2022-10-15,sp1-vm-miami-us.samknows.com,35792,33664,37224,611,2253,0
3893529,2022-10-22 21:21:00,2022-10-22,sp1-vm-miami-us.samknows.com,34807,33545,38551,716,93,0
3893529,2022-10-12 02:08:39,2022-10-12,sp1-vm-miami-us.samknows.com,35716,33936,37099,598,2230,0
3893529,2022-10-24 22:16:00,2022-10-24,sp1-vm-miami-us.samknows.com,35807,34292,37052,614,221,0
3893529,2022-09-20 11:21:00,2022-09-20,sp1-vm-miami-us.samknows.com,36723,34622,78128,4855,94,0
3893529,2022-10-05 15:23:39,2022-10-05,sp1-vm-miami-us.samknows.com,36070,33903,77192,2575,2236,2
3893529,2022-09-16 13:08:39,2022-09-16,sp1-vm-miami-us.samknows.com,36121,34341,75223,2186,2282,0
3893529,2022-09-18 18:14:23,2022-09-18,sp1-vm-miami-us.samknows.com,40562,34370,225793,22383,2071,0
3893529,2022-10-27 07:18:41,2022-10-27,sp1-vm-miami-us.samknows.com,35808,33838,37184,606,2282,0
3893529,2022-09-13 07:08:37,2022-09-13,sp1-vm-miami-us.samknows.com,35931,34233,37115,516,2252,0
3893529,2022-10-16 16:18:43,2022-10-16,sp1-vm-miami-us.samknows.com,46150,33758,210846,26787,2213,1
3893529,2022-09-18 21:14:22,2022-09-18,sp1-vm-miami-us.samknows.com,36223,34220,57035,2013,2248,0
3893529,2022-10-05 04:08:44,2022-10-05,sp1-vm-miami-us.samknows.com,35867,34057,37249,598,2270,0
3893529,2022-10-05 13:08:43,2022-10-05,sp1-vm-miami-us.samknows.com,35869,33945,37356,596,2289,0
3893529,2022-10-23 14:23:40,2022-10-23,sp1-vm-miami-us.samknows.com,34807,32959,36727,631,2277,0
3893529,2022-10-12 11:08:39,2022-10-12,sp1-vm-miami-us.samknows.com,35951,33740,55098,1536,2286,0
3893529,2022-09-20 08:18:38,2022-09-20,sp1-vm-miami-us.samknows.com,35902,34400,37557,530,2251,0
3893529,2022-10-05 17:23:39,2022-10-05,sp1-vm-miami-us.samknows.com,48232,34053,192606,31515,2114,0
3893529,2022-09-13 18:08:38,2022-09-13,sp1-vm-miami-us.samknows.com,36276,34254,56484,2135,2048,0
3893529,2022-09-20 09:18:38,2022-09-20,sp1-vm-miami-us.samknows.com,35895,34390,37097,505,2254,0
3893529,2022-10-15 13:08:41,2022-10-15,sp1-vm-miami-us.samknows.com,37550,34000,100452,6869,2287,0
3893529,2022-09-13 01:08:38,2022-09-13,sp1-vm-miami-us.samknows.com,36069,34246,66143,1484,2261,0
3893529,2022-09-21 01:23:39,2022-09-21,sp1-vm-miami-us.samknows.com,35875,34300,37047,502,2246,0
3893529,2022-10-27 10:18:41,2022-10-27,sp1-vm-miami-us.samknows.com,35863,34135,39043,634,2246,0
3893529,2022-09-12 20:08:37,2022-09-12,sp1-vm-miami-us.samknows.com,62557,34381,190348,42524,2221,0
3893529,2022-10-31 04:22:13,2022-10-31,sp1-vm-miami-us.samknows.com,35758,34034,37122,594,2287,0
3893529,2022-10-17 09:08:40,2022-10-17,sp1-vm-miami-us.samknows.com,38301,33916,121186,9697,2288,0
3893529,2022-10-25 09:18:40,2022-10-25,sp1-vm-miami-us.samknows.com,35841,33972,37576,603,2282,0
3893529,2022-10-30 13:07:13,2022-10-30,sp1-vm-miami-us.samknows.com,35743,33867,37248,615,2281,0
24806681,2022-10-16 10:02:27,2022-10-16,sp1-vm-miami-us.samknows.com,9372,8355,10563,599,2263,0
24806681,2022-09-18 10:02:37,2022-09-18,sp1-vm-miami-us.samknows.com,12538,11573,13612,565,2252,0
24806681,2022-10-30 01:02:08,2022-10-30,sp1-vm-miami-us.samknows.com,9826,8843,10938,596,2213,0
24806681,2022-10-25 03:02:32,2022-10-25,sp1-vm-miami-us.samknows.com,10107,9103,11244,602,2123,0
24806681,2022-10-13 05:57:30,2022-10-13,sp1-vm-miami-us.samknows.com,10126,9135,11332,605,2282,0
24806681,2022-10-28 08:47:27,2022-10-28,sp1-vm-miami-us.samknows.com,7643,6613,8779,590,2218,0
24806681,2022-09-17 07:52:49,2022-09-17,sp1-vm-miami-us.samknows.com,10124,9140,11137,565,2251,0
24806681,2022-10-13 04:57:31,2022-10-13,sp1-vm-miami-us.samknows.com,10127,9141,11310,596,2264,1
24806681,2022-09-18 03:57:15,2022-09-18,sp1-vm-miami-us.samknows.com,7698,6690,8750,566,2266,0
24806681,2022-10-16 20:02:17,2022-10-16,sp1-vm-miami-us.samknows.com,9381,8379,10721,610,2285,0
24806681,2022-09-17 14:57:29,2022-09-17,sp1-vm-miami-us.samknows.com,7682,6703,8709,567,2165,0
24806681,2022-09-18 09:02:29,2022-09-18,sp1-vm-miami-us.samknows.com,10270,9121,12005,742,56,0
24806681,2022-10-23 16:47:18,2022-10-23,sp1-vm-miami-us.samknows.com,9542,8522,10637,601,2280,0
24806681,2022-09-18 09:00:58,2022-09-18,sp1-vm-miami-us.samknows.com,7724,6673,8682,559,135,0
24806681,2022-10-31 00:03:44,2022-10-31,sp1-vm-miami-us.samknows.com,9848,8860,11080,602,2246,0
24806681,2022-10-12 19:47:11,2022-10-12,sp1-vm-miami-us.samknows.com,9803,8862,11064,568,2207,0
24806681,2022-10-17 17:47:20,2022-10-17,sp1-vm-miami-us.samknows.com,9869,8857,11014,602,2210,0
24806681,2022-09-18 06:57:12,2022-09-18,sp1-vm-miami-us.samknows.com,7679,6670,8686,565,2255,0
24806681,2022-09-20 06:04:02,2022-09-20,sp1-vm-miami-us.samknows.com,6859,5877,7865,564,2294,0
24806681,2022-10-27 18:57:14,2022-10-27,sp1-vm-miami-us.samknows.com,7368,6392,8548,596,2242,0
24806681,2022-10-06 04:47:18,2022-10-06,sp1-vm-miami-us.samknows.com,12254,11301,13359,568,2241,0
24806681,2022-10-16 21:02:16,2022-10-16,sp1-vm-miami-us.samknows.com,9375,8356,10624,605,2071,0
24806681,2022-10-15 23:00:59,2022-10-15,sp1-vm-miami-us.samknows.com,9621,8621,10683,607,150,0
24806681,2022-10-22 15:57:20,2022-10-22,sp1-vm-miami-us.samknows.com,7465,6442,8612,595,2214,0
24806681,2022-09-12 08:47:10,2022-09-12,sp1-vm-miami-us.samknows.com,9498,8624,10505,528,2248,0
24806681,2022-10-21 19:47:14,2022-10-21,sp1-vm-miami-us.samknows.com,10403,9381,11566,603,2118,0
24806681,2022-10-17 19:47:18,2022-10-17,sp1-vm-miami-us.samknows.com,9885,8868,11133,606,2216,0
24806681,2022-10-04 17:47:29,2022-10-04,sp1-vm-miami-us.samknows.com,12743,11795,13851,561,2172,0
24806681,2022-10-15 04:57:34,2022-10-15,sp1-vm-miami-us.samknows.com,9584,8570,10709,596,2254,0
24806681,2022-10-05 03:47:17,2022-10-05,sp1-vm-miami-us.samknows.com,12740,11785,13828,567,2151,0
24806681,2022-10-16 18:02:19,2022-10-16,sp1-vm-miami-us.samknows.com,9380,8351,10538,601,2107,0
24806681,2022-10-19 18:56:52,2022-10-19,sp1-vm-miami-us.samknows.com,9389,8376,10535,603,2223,0
24806681,2022-10-11 20:56:38,2022-10-11,sp1-vm-miami-us.samknows.com,12506,11545,13694,567,2226,0
24806681,2022-09-12 17:46:58,2022-09-12,sp1-vm-miami-us.samknows.com,9503,8641,10600,541,2218,0
24806681,2022-10-15 14:57:23,2022-10-15,sp1-vm-miami-us.samknows.com,9586,8564,10732,597,2134,0
24806681,2022-10-15 03:57:35,2022-10-15,sp1-vm-miami-us.samknows.com,9564,8555,10761,604,2233,0
24806681,2022-10-24 13:57:19,2022-10-24,sp1-vm-miami-us.samknows.com,12536,11542,13702,595,2216,0
24806681,2022-10-26 10:47:25,2022-10-26,sp1-vm-miami-us.samknows.com,7691,6690,8797,594,2180,0
80307485,2022-10-12 16:18:46,2022-10-12,sp1-vm-miami-us.samknows.com,32607,31045,56904,2408,2250,6
80307485,2022-10-19 08:18:46,2022-10-19,sp1-vm-miami-us.samknows.com,32728,30514,60448,2882,2056,6
80307485,2022-10-11 17:20:07,2022-10-11,sp1-vm-miami-us.samknows.com,32432,30979,53822,1554,2220,8
80307485,2022-10-13 20:28:45,2022-10-13,sp1-vm-miami-us.samknows.com,34680,32312,68504,4435,1413,2
80307485,2022-09-12 03:35:10,2022-09-12,sp1-vm-miami-us.samknows.com,32466,30666,54623,2064,2233,0
80307485,2022-10-11 22:18:48,2022-10-11,sp1-vm-miami-us.samknows.com,32783,31162,62129,2958,1977,6
80307485,2022-10-21 09:33:39,2022-10-21,sp1-vm-miami-us.samknows.com,32756,30755,62505,2896,2161,5
80307485,2022-09-20 15:20:11,2022-09-20,sp1-vm-miami-us.samknows.com,32831,30623,60303,2873,2088,0
80307485,2022-09-19 20:35:10,2022-09-19,sp1-vm-miami-us.samknows.com,32787,30944,57896,2560,2129,0
80307485,2022-10-19 04:18:47,2022-10-19,sp1-vm-miami-us.samknows.com,32723,30723,60876,3026,2244,5
80307485,2022-09-16 08:32:31,2022-09-16,sp1-vm-miami-us.samknows.com,33786,31038,65983,5598,95,0
80307485,2022-10-04 20:35:09,2022-10-04,sp1-vm-miami-us.samknows.com,34328,31258,81440,7331,2124,0
80307485,2022-10-23 19:29:24,2022-10-23,sp1-vm-miami-us.samknows.com,33410,30601,67032,5135,1356,1
80307485,2022-10-11 20:20:06,2022-10-11,sp1-vm-miami-us.samknows.com,32844,31170,61230,3207,2169,2
80307485,2022-09-13 06:35:08,2022-09-13,sp1-vm-miami-us.samknows.com,32548,30769,56238,1988,2195,0
80307485,2022-10-29 21:28:46,2022-10-29,sp1-vm-miami-us.samknows.com,35857,31014,133970,13340,574,0
80307485,2022-09-12 18:35:09,2022-09-12,sp1-vm-miami-us.samknows.com,43346,32263,186460,26247,172,0
80307485,2022-09-19 10:20:09,2022-09-19,sp1-vm-miami-us.samknows.com,32659,30839,57881,2454,2264,0
80307485,2022-10-15 03:28:49,2022-10-15,sp1-vm-miami-us.samknows.com,32643,30705,57573,2448,2197,5
80307485,2022-10-16 23:35:30,2022-10-16,sp1-vm-miami-us.samknows.com,33561,30969,65348,5223,578,2
80307485,2022-10-15 10:28:49,2022-10-15,sp1-vm-miami-us.samknows.com,36917,31001,142012,14169,882,0
80307485,2022-10-05 11:15:31,2022-10-05,sp1-vm-miami-us.samknows.com,32978,31255,59050,2839,2245,6
80307485,2022-10-05 23:20:11,2022-10-05,sp1-vm-miami-us.samknows.com,32838,31204,62919,3052,1749,3
80307485,2022-10-12 21:28:39,2022-10-12,sp1-vm-miami-us.samknows.com,38330,32854,122109,14361,58,0
80307485,2022-10-21 06:33:40,2022-10-21,sp1-vm-miami-us.samknows.com,32790,30599,59685,3011,1946,6
80307485,2022-09-19 16:35:10,2022-09-19,sp1-vm-miami-us.samknows.com,32745,30803,58492,2583,2252,0
80307485,2022-10-20 07:18:44,2022-10-20,sp1-vm-miami-us.samknows.com,32648,30673,59021,2656,2179,3
80307485,2022-10-04 03:26:42,2022-10-04,sp1-vm-miami-us.samknows.com,32940,31260,59573,2872,2166,0
80307485,2022-09-18 14:20:10,2022-09-18,sp1-vm-miami-us.samknows.com,32749,30844,54381,2377,1000,1
80307485,2022-10-29 00:28:48,2022-10-29,sp1-vm-miami-us.samknows.com,32980,30835,61771,3373,922,0
80307485,2022-09-16 13:35:11,2022-09-16,sp1-vm-miami-us.samknows.com,32804,30979,58509,2702,1867,0
80307485,2022-10-28 16:18:45,2022-10-28,sp1-vm-miami-us.samknows.com,32626,30757,56656,2191,2255,0
80307485,2022-10-12 18:18:45,2022-10-12,sp1-vm-miami-us.samknows.com,39954,30877,180247,22886,2047,76
80307485,2022-10-13 05:28:46,2022-10-13,sp1-vm-miami-us.samknows.com,34209,32190,60820,2844,2232,6
80307485,2022-09-12 08:35:10,2022-09-12,sp1-vm-miami-us.samknows.com,32728,30693,59804,3142,2132,0
55703581,2022-09-13 09:35:18,2022-09-13,sp1-vm-miami-us.samknows.com,27580,26045,33422,933,351,0
55703581,2022-10-25 16:50:36,2022-10-25,sp1-vm-miami-us.samknows.com,28092,25270,42780,3945,317,0
55703581,2022-10-05 01:35:18,2022-10-05,sp1-vm-miami-us.samknows.com,26570,25206,29137,594,2138,0
55703581,2022-10-17 07:35:37,2022-10-17,sp1-vm-miami-us.samknows.com,26173,25033,30983,632,2087,1
55703581,2022-10-25 00:50:36,2022-10-25,sp1-vm-miami-us.samknows.com,26204,24970,30221,638,2111,1
55703581,2022-10-15 14:45:38,2022-10-15,sp1-vm-miami-us.samknows.com,33922,25573,91710,15806,1321,0
55703581,2022-10-17 00:35:36,2022-10-17,sp1-vm-miami-us.samknows.com,26240,25018,30767,623,1991,0
55703581,2022-10-23 13:35:35,2022-10-23,sp1-vm-miami-us.samknows.com,30399,25086,125132,13430,2023,0
55703581,2022-10-15 13:45:38,2022-10-15,sp1-vm-miami-us.samknows.com,30677,25454,102678,9606,1104,0
55703581,2022-10-24 10:45:38,2022-10-24,sp1-vm-miami-us.samknows.com,26647,25087,71440,3195,2068,4
55703581,2022-10-26 23:45:37,2022-10-26,sp1-vm-miami-us.samknows.com,26348,25165,29237,632,2085,2
55703581,2022-10-24 02:45:38,2022-10-24,sp1-vm-miami-us.samknows.com,38058,25089,86375,14356,1925,0
55703581,2022-10-12 03:35:17,2022-10-12,sp1-vm-miami-us.samknows.com,26198,24938,28565,558,2021,1
55703581,2022-09-21 23:45:19,2022-09-21,sp1-vm-miami-us.samknows.com,41502,26173,80930,17835,118,0
55703581,2022-10-20 23:35:38,2022-10-20,sp1-vm-miami-us.samknows.com,26576,25080,35353,1224,2045,0
55703581,2022-10-04 12:35:09,2022-10-04,sp1-vm-miami-us.samknows.com,31280,25760,157063,23301,51,0
55703581,2022-10-28 10:35:38,2022-10-28,sp1-vm-miami-us.samknows.com,28629,27260,36311,657,1759,2
55703581,2022-10-24 03:45:38,2022-10-24,sp1-vm-miami-us.samknows.com,40785,25281,129563,16024,2005,1
55703581,2022-09-16 11:51:56,2022-09-16,sp1-vm-miami-us.samknows.com,31315,26424,89721,10566,652,0
55703581,2022-09-18 21:35:17,2022-09-18,sp1-vm-miami-us.samknows.com,29934,26583,43442,3396,894,2
55703581,2022-10-17 08:35:37,2022-10-17,sp1-vm-miami-us.samknows.com,27281,24874,68679,4687,1109,0
55703581,2022-10-19 21:10:24,2022-10-19,sp1-vm-miami-us.samknows.com,28999,25782,40512,3016,446,0
55703581,2022-09-18 12:35:18,2022-09-18,sp1-vm-miami-us.samknows.com,31544,25999,65306,7566,240,0
55703581,2022-10-26 18:35:36,2022-10-26,sp1-vm-miami-us.samknows.com,30028,25744,108673,9509,471,0
55703581,2022-10-29 00:46:21,2022-10-29,sp1-vm-miami-us.samknows.com,28937,27148,95186,3301,1710,1
55703581,2022-09-12 00:35:09,2022-09-12,sp1-vm-miami-us.samknows.com,27636,26373,30139,713,92,0
55703581,2022-10-29 15:46:21,2022-10-29,sp1-vm-miami-us.samknows.com,34602,25138,209763,24209,1304,5
55703581,2022-10-22 03:45:40,2022-10-22,sp1-vm-miami-us.samknows.com,26193,25065,28347,521,2123,6
55703581,2022-10-04 18:35:17,2022-10-04,sp1-vm-miami-us.samknows.com,34506,25384,281723,19398,545,1
55703581,2022-10-20 07:10:24,2022-10-20,sp1-vm-miami-us.samknows.com,36702,25632,84643,15589,692,0
55703581,2022-10-28 14:35:37,2022-10-28,sp1-vm-miami-us.samknows.com,28706,26870,47313,1053,1599,2
55703581,2022-10-19 17:10:24,2022-10-19,sp1-vm-miami-us.samknows.com,32254,25596,131999,12760,1530,2
55703581,2022-10-24 08:45:38,2022-10-24,sp1-vm-miami-us.samknows.com,34937,25023,89765,14593,2019,0
55703581,2022-10-22 05:45:38,2022-10-22,sp1-vm-miami-us.samknows.com,26196,25043,28312,532,2142,0
55703581,2022-10-12 13:35:17,2022-10-12,sp1-vm-miami-us.samknows.com,31802,25193,92009,12832,2048,1
55703581,2022-10-06 07:35:15,2022-10-06,sp1-vm-miami-us.samknows.com,30336,25300,75838,9273,913,0
25658149,2022-09-16 10:34:25,2022-09-16,sp1-vm-miami-us.samknows.com,12934,12037,21144,788,2014,0
25658149,2022-09-17 07:34:26,2022-09-17,sp1-vm-miami-us.samknows.com,12795,11946,18846,510,1951,0
25658149,2022-09-17 10:34:17,2022-09-17,sp1-vm-miami-us.samknows.com,14438,12267,22325,3021,61,0
25658149,2022-09-13 15:34:25,2022-09-13,sp1-vm-miami-us.samknows.com,12963,12048,20751,871,1949,0
25658149,2022-09-17 18:34:25,2022-09-17,sp1-vm-miami-us.samknows.com,12963,11977,20791,819,2067,0
25658149,2022-09-17 06:34:25,2022-09-17,sp1-vm-miami-us.samknows.com,12798,12132,18946,494,2281,0
25658149,2022-09-16 21:34:25,2022-09-16,sp1-vm-miami-us.samknows.com,12965,12076,20077,743,2092,0
25658149,2022-09-13 07:34:17,2022-09-13,sp1-vm-miami-us.samknows.com,14344,12303,30454,3405,61,0
25658149,2022-09-16 07:49:25,2022-09-16,sp1-vm-miami-us.samknows.com,12928,11972,20084,790,2285,0
25658149,2022-09-18 12:40:19,2022-09-18,sp1-vm-miami-us.samknows.com,12905,12067,20663,817,2217,0
25658149,2022-09-19 15:44:26,2022-09-19,sp1-vm-miami-us.samknows.com,12980,12121,20896,848,2172,0
942630,2022-10-16 00:34:10,2022-10-16,sp1-vm-miami-us.samknows.com,11790,9501,13919,1077,2321,0
942630,2022-09-16 16:14:06,2022-09-16,sp1-vm-miami-us.samknows.com,11975,9741,14240,1096,2212,0
942630,2022-10-04 15:14:04,2022-10-04,sp1-vm-miami-us.samknows.com,9641,7426,11852,1069,2358,0
942630,2022-10-25 21:32:36,2022-10-25,sp1-vm-miami-us.samknows.com,12044,9596,14431,1155,139,0
942630,2022-09-13 07:13:56,2022-09-13,sp1-vm-miami-us.samknows.com,14318,12336,16929,1038,51,0
942630,2022-10-15 01:29:07,2022-10-15,sp1-vm-miami-us.samknows.com,11796,9458,14002,1098,2170,0
942630,2022-10-06 05:29:06,2022-10-06,sp1-vm-miami-us.samknows.com,12522,10240,14771,1111,2232,0
942630,2022-10-06 12:29:06,2022-10-06,sp1-vm-miami-us.samknows.com,12575,10247,14794,1131,2364,0
942630,2022-10-17 10:14:11,2022-10-17,sp1-vm-miami-us.samknows.com,11295,9027,13548,1092,2089,0
942630,2022-09-17 09:14:06,2022-09-17,sp1-vm-miami-us.samknows.com,12807,10483,15047,1105,2341,0
942630,2022-10-22 11:24:06,2022-10-22,sp1-vm-miami-us.samknows.com,12561,10286,14843,1093,2359,0
942630,2022-09-16 20:14:05,2022-09-16,sp1-vm-miami-us.samknows.com,12014,9755,14278,1108,2326,0
942630,2022-09-21 12:30:58,2022-09-21,sp1-vm-miami-us.samknows.com,13210,8406,16235,1832,1963,85
942630,2022-10-25 05:29:06,2022-10-25,sp1-vm-miami-us.samknows.com,11824,9527,14038,1082,2343,0
942630,2022-10-24 16:27:46,2022-10-24,sp1-vm-miami-us.samknows.com,9966,7625,12139,1062,2366,0
942630,2022-10-20 13:24:09,2022-10-20,sp1-vm-miami-us.samknows.com,9708,7399,12013,1082,2370,0
942630,2022-10-20 15:24:09,2022-10-20,sp1-vm-miami-us.samknows.com,9787,7482,12121,1118,2259,0
942630,2022-10-30 14:24:10,2022-10-30,sp1-vm-miami-us.samknows.com,14720,12344,16893,1098,2326,0
942630,2022-10-30 09:24:10,2022-10-30,sp1-vm-miami-us.samknows.com,14660,12316,16990,1109,2169,0
942630,2022-10-19 19:24:08,2022-10-19,sp1-vm-miami-us.samknows.com,9781,7451,12007,1127,2346,0
942630,2022-10-11 01:24:06,2022-10-11,sp1-vm-miami-us.samknows.com,13838,11569,15993,1095,2275,0
942630,2022-10-17 01:14:11,2022-10-17,sp1-vm-miami-us.samknows.com,11282,8958,13502,1104,2294,0
942630,2022-10-28 18:24:07,2022-10-28,sp1-vm-miami-us.samknows.com,14669,12379,16879,1098,2268,0
942630,2022-10-11 15:24:06,2022-10-11,sp1-vm-miami-us.samknows.com,13780,11528,15992,1083,2268,0
942630,2022-09-17 21:19:08,2022-09-17,sp1-vm-miami-us.samknows.com,9691,7508,11973,1107,2366,0
942630,2022-10-19 02:24:08,2022-10-19,sp1-vm-miami-us.samknows.com,9753,7378,11951,1097,2206,0
942630,2022-10-04 10:14:09,2022-10-04,sp1-vm-miami-us.samknows.com,14539,12320,16662,1045,2137,0
942630,2022-10-22 16:24:06,2022-10-22,sp1-vm-miami-us.samknows.com,12561,10288,14766,1091,2316,0
942630,2022-10-24 11:27:46,2022-10-24,sp1-vm-miami-us.samknows.com,9885,7653,12056,1048,2322,0
942630,2022-09-13 09:14:05,2022-09-13,sp1-vm-miami-us.samknows.com,14662,12309,16905,1111,2349,0
942630,2022-09-21 01:29:08,2022-09-21,sp1-vm-miami-us.samknows.com,12594,10294,14827,1129,2277,0
942630,2022-10-12 10:14:06,2022-10-12,sp1-vm-miami-us.samknows.com,12575,10298,14804,1094,2165,0
942630,2022-10-31 03:29:08,2022-10-31,sp1-vm-miami-us.samknows.com,14972,12640,17200,1106,2163,0
942630,2022-10-19 21:24:08,2022-10-19,sp1-vm-miami-us.samknows.com,9847,7482,12225,1135,2235,0
942630,2022-10-24 06:27:45,2022-10-24,sp1-vm-miami-us.samknows.com,9951,7697,12153,1069,2351,0
942630,2022-10-21 15:14:07,2022-10-21,sp1-vm-miami-us.samknows.com,9709,7447,11971,1098,2355,0
942630,2022-10-30 13:24:10,2022-10-30,sp1-vm-miami-us.samknows.com,14688,12406,16858,1087,2364,0
942630,2022-09-17 10:19:08,2022-09-17,sp1-vm-miami-us.samknows.com,9792,7440,11947,1091,2176,0
942630,2022-09-19 20:27:19,2022-09-19,sp1-vm-miami-us.samknows.com,12850,10587,15139,1109,2345,0
942630,2022-10-15 05:29:07,2022-10-15,sp1-vm-miami-us.samknows.com,11795,9462,13960,1102,2336,0
3952937,2022-10-17 14:18:32,2022-10-17,sp1-vm-miami-us.samknows.com,39827,38365,42868,595,1805,27
3952937,2022-10-27 00:28:31,2022-10-27,sp1-vm-miami-us.samknows.com,39803,38326,43968,604,2013,6
3952937,2022-10-06 01:24:23,2022-10-06,sp1-vm-miami-us.samknows.com,38784,37427,40135,512,2075,24
3952937,2022-10-26 02:18:37,2022-10-26,sp1-vm-miami-us.samknows.com,40209,38768,41527,563,1907,10
3952937,2022-09-16 16:33:11,2022-09-16,sp1-vm-miami-us.samknows.com,38995,37619,40503,494,2094,1
3952937,2022-09-18 03:18:11,2022-09-18,sp1-vm-miami-us.samknows.com,38984,37410,40194,494,2120,24
3952937,2022-10-05 11:18:11,2022-10-05,sp1-vm-miami-us.samknows.com,38818,37415,39919,477,2113,32
3952937,2022-10-22 18:28:50,2022-10-22,sp1-vm-miami-us.samknows.com,40029,38501,69602,1797,1768,22
3952937,2022-10-21 00:18:32,2022-10-21,sp1-vm-miami-us.samknows.com,39819,38360,41342,571,1989,16
3952937,2022-09-16 07:28:23,2022-09-16,sp1-vm-miami-us.samknows.com,38782,36999,70664,3022,1688,0
3952937,2022-09-19 00:18:12,2022-09-19,sp1-vm-miami-us.samknows.com,39012,37635,40115,494,2063,1
3952937,2022-10-30 07:18:32,2022-10-30,sp1-vm-miami-us.samknows.com,39947,38491,62503,1401,1741,1
3952937,2022-10-31 13:24:40,2022-10-31,sp1-vm-miami-us.samknows.com,39961,38428,41993,574,2090,0
3952937,2022-10-30 03:18:31,2022-10-30,sp1-vm-miami-us.samknows.com,39907,38345,41155,567,2057,22
3952937,2022-10-31 11:24:39,2022-10-31,sp1-vm-miami-us.samknows.com,39945,38507,48061,733,2096,5
3952937,2022-10-22 08:28:50,2022-10-22,sp1-vm-miami-us.samknows.com,39807,38261,45251,643,2061,20
3952937,2022-10-04 04:18:11,2022-10-04,sp1-vm-miami-us.samknows.com,38334,36894,39417,488,2104,0
3952937,2022-10-19 06:28:31,2022-10-19,sp1-vm-miami-us.samknows.com,40247,38818,42138,574,2029,30
3952937,2022-10-31 04:24:40,2022-10-31,sp1-vm-miami-us.samknows.com,39894,38497,41370,570,2198,27
3952937,2022-10-05 13:24:08,2022-10-05,sp1-vm-miami-us.samknows.com,38364,37277,40490,548,96,0
3952937,2022-09-20 09:35:37,2022-09-20,sp1-vm-miami-us.samknows.com,38944,38031,41444,540,95,1
3952937,2022-09-17 17:18:12,2022-09-17,sp1-vm-miami-us.samknows.com,39721,37669,100482,4627,1579,6
3952937,2022-10-29 17:18:31,2022-10-29,sp1-vm-miami-us.samknows.com,39950,38538,41735,565,2087,11
3952937,2022-10-23 17:33:31,2022-10-23,sp1-vm-miami-us.samknows.com,40286,38576,56174,1062,2125,30
3952937,2022-10-04 20:18:11,2022-10-04,sp1-vm-miami-us.samknows.com,38751,37373,39923,497,1940,21
3952937,2022-10-19 09:28:31,2022-10-19,sp1-vm-miami-us.samknows.com,40234,38807,41771,559,2033,23
3952937,2022-10-04 03:18:11,2022-10-04,sp1-vm-miami-us.samknows.com,38445,37035,39630,484,2127,0
3952937,2022-09-17 06:33:11,2022-09-17,sp1-vm-miami-us.samknows.com,39024,37612,45609,583,1919,8
3952937,2022-10-31 01:24:24,2022-10-31,sp1-vm-miami-us.samknows.com,40977,38867,130896,9389,94,1
3952937,2022-10-19 16:28:31,2022-10-19,sp1-vm-miami-us.samknows.com,40292,38744,48190,690,1860,4
24839469,2022-10-05 03:38:37,2022-10-05,sp1-vm-miami-us.samknows.com,11180,10087,12339,562,2262,0
24839469,2022-10-17 04:42:48,2022-10-17,sp1-vm-miami-us.samknows.com,9020,7900,10271,567,2270,0
24839469,2022-09-18 12:49:38,2022-09-18,sp1-vm-miami-us.samknows.com,8201,7100,9318,569,2160,0
24839469,2022-10-28 09:32:46,2022-10-28,sp1-vm-miami-us.samknows.com,8371,7282,9579,562,2003,0
24839469,2022-10-29 06:32:47,2022-10-29,sp1-vm-miami-us.samknows.com,10340,9241,11454,553,2298,0
24839469,2022-10-17 07:42:48,2022-10-17,sp1-vm-miami-us.samknows.com,9002,7924,10208,558,2072,0
24839469,2022-10-28 05:32:47,2022-10-28,sp1-vm-miami-us.samknows.com,8373,7275,9530,560,2260,0
24839469,2022-10-21 19:42:46,2022-10-21,sp1-vm-miami-us.samknows.com,9278,8157,10467,569,2214,0
24839469,2022-09-17 03:47:49,2022-09-17,sp1-vm-miami-us.samknows.com,9869,8770,11020,563,2276,0
24839469,2022-10-11 09:47:45,2022-10-11,sp1-vm-miami-us.samknows.com,10374,9292,11563,562,2071,0
24839469,2022-10-19 16:47:46,2022-10-19,sp1-vm-miami-us.samknows.com,10335,9279,11551,563,2235,0
24839469,2022-09-19 16:32:47,2022-09-19,sp1-vm-miami-us.samknows.com,11652,10556,12791,570,2276,0
24839469,2022-09-18 20:32:48,2022-09-18,sp1-vm-miami-us.samknows.com,11683,10537,13349,583,2287,0
24839469,2022-10-16 17:32:47,2022-10-16,sp1-vm-miami-us.samknows.com,10359,9267,11506,563,2017,0
24839469,2022-10-06 12:47:39,2022-10-06,sp1-vm-miami-us.samknows.com,8130,7291,9186,549,56,0
24839469,2022-10-28 23:32:47,2022-10-28,sp1-vm-miami-us.samknows.com,10344,9238,11641,555,2244,0
24839469,2022-09-17 12:47:48,2022-09-17,sp1-vm-miami-us.samknows.com,9890,8752,10942,564,2132,0
24839469,2022-10-20 01:47:46,2022-10-20,sp1-vm-miami-us.samknows.com,10321,9256,11481,555,2183,0
24839469,2022-10-28 12:31:08,2022-10-28,sp1-vm-miami-us.samknows.com,8378,7255,9566,559,2239,0
24839469,2022-09-12 03:38:29,2022-09-12,sp1-vm-miami-us.samknows.com,9522,8420,11014,573,2270,0
24839469,2022-09-19 03:32:47,2022-09-19,sp1-vm-miami-us.samknows.com,11658,10590,12785,576,2261,0
24839469,2022-10-13 15:47:47,2022-10-13,sp1-vm-miami-us.samknows.com,10320,9247,11578,571,2266,0
24839469,2022-10-28 22:32:47,2022-10-28,sp1-vm-miami-us.samknows.com,10374,9269,11578,569,2278,0
24839469,2022-10-06 12:42:46,2022-10-06,sp1-vm-miami-us.samknows.com,8325,7290,9414,551,2170,0
24839469,2022-10-06 19:47:47,2022-10-06,sp1-vm-miami-us.samknows.com,10382,9277,11553,570,2269,1
24839469,2022-10-24 15:42:46,2022-10-24,sp1-vm-miami-us.samknows.com,9840,8770,11065,565,2005,0
24839469,2022-09-20 13:32:47,2022-09-20,sp1-vm-miami-us.samknows.com,10373,9280,11624,594,1860,0
24839469,2022-10-24 13:42:47,2022-10-24,sp1-vm-miami-us.samknows.com,9822,8757,11074,561,2232,0
24839469,2022-10-04 05:40:03,2022-10-04,sp1-vm-miami-us.samknows.com,11629,10528,12824,564,2272,0
24839469,2022-09-17 04:47:48,2022-09-17,sp1-vm-miami-us.samknows.com,9847,8756,10944,568,2277,0
24839469,2022-10-05 23:42:47,2022-10-05,sp1-vm-miami-us.samknows.com,8362,7238,9595,560,2202,0
24839469,2022-10-13 04:47:47,2022-10-13,sp1-vm-miami-us.samknows.com,10304,9227,11443,563,2255,0
24839469,2022-09-20 10:32:47,2022-09-20,sp1-vm-miami-us.samknows.com,10343,9227,11569,570,2269,0
24839469,2022-09-20 18:41:07,2022-09-20,sp1-vm-miami-us.samknows.com,10372,9313,11464,582,240,0
24869165,2022-09-21 04:15:04,2022-09-21,sp1-vm-miami-us.samknows.com,13480,12258,15184,723,2197,0
24869165,2022-10-26 11:59:08,2022-10-26,sp1-vm-miami-us.samknows.com,13514,12260,15331,771,581,0
24869165,2022-10-31 14:59:06,2022-10-31,sp1-vm-miami-us.samknows.com,14147,12270,15619,581,2192,0
24869165,2022-10-20 07:58:03,2022-10-20,sp1-vm-miami-us.samknows.com,14349,12722,16143,677,1107,0
24869165,2022-10-20 01:58:09,2022-10-20,sp1-vm-miami-us.samknows.com,14343,12655,16135,687,2095,0
24869165,2022-10-17 07:08:59,2022-10-17,sp1-vm-miami-us.samknows.com,13447,12258,15226,714,675,0
24869165,2022-10-13 01:09:02,2022-10-13,sp1-vm-miami-us.samknows.com,13485,12260,15226,726,2039,0
24869165,2022-09-20 04:13:06,2022-09-20,sp1-vm-miami-us.samknows.com,13682,12230,15947,797,2127,0
24869165,2022-10-25 03:09:01,2022-10-25,sp1-vm-miami-us.samknows.com,14778,13243,16403,778,2158,0
24869165,2022-09-20 22:15:11,2022-09-20,sp1-vm-miami-us.samknows.com,13608,12299,15303,814,316,0
24869165,2022-10-31 05:13:51,2022-10-31,sp1-vm-miami-us.samknows.com,12379,11249,14142,669,2023,0
24869165,2022-10-04 20:58:59,2022-10-04,sp1-vm-miami-us.samknows.com,13514,12279,16099,806,291,0
24869165,2022-10-31 12:59:08,2022-10-31,sp1-vm-miami-us.samknows.com,14144,12581,15608,570,2194,0
24869165,2022-10-24 15:58:46,2022-10-24,sp1-vm-miami-us.samknows.com,12893,11237,15156,829,1784,0
24869165,2022-10-19 00:58:37,2022-10-19,sp1-vm-miami-us.samknows.com,14335,13141,16139,682,2037,0
24869165,2022-09-19 18:13:17,2022-09-19,sp1-vm-miami-us.samknows.com,13850,12265,15928,892,235,0
24869165,2022-10-30 18:14:03,2022-10-30,sp1-vm-miami-us.samknows.com,12648,11303,14201,725,198,0
24869165,2022-10-17 15:08:51,2022-10-17,sp1-vm-miami-us.samknows.com,13532,12236,15269,767,2141,0
24869165,2022-10-20 06:58:04,2022-10-20,sp1-vm-miami-us.samknows.com,14314,12625,16018,693,131,0
24869165,2022-10-04 09:04:42,2022-10-04,sp1-vm-miami-us.samknows.com,11328,9905,13138,656,1502,0
24869165,2022-10-29 19:09:00,2022-10-29,sp1-vm-miami-us.samknows.com,14848,13251,16886,786,2156,0
24869165,2022-10-31 04:13:52,2022-10-31,sp1-vm-miami-us.samknows.com,12380,11241,14137,681,2183,0
24869165,2022-10-15 20:13:43,2022-10-15,sp1-vm-miami-us.samknows.com,13496,12255,15224,733,2201,0
24869165,2022-10-26 21:59:01,2022-10-26,sp1-vm-miami-us.samknows.com,13463,12271,15183,717,563,0
24869165,2022-10-04 17:59:01,2022-10-04,sp1-vm-miami-us.samknows.com,13489,12241,15220,732,707,0
24869165,2022-10-15 15:13:49,2022-10-15,sp1-vm-miami-us.samknows.com,13508,12261,15293,762,2118,0
24869165,2022-10-26 23:58:59,2022-10-26,sp1-vm-miami-us.samknows.com,13497,12267,15457,765,2043,0
24869165,2022-10-20 22:59:07,2022-10-20,sp1-vm-miami-us.samknows.com,14764,13299,16435,792,311,0
24869165,2022-09-13 18:59:03,2022-09-13,sp1-vm-miami-us.samknows.com,13000,11269,15171,810,645,0
24869165,2022-10-11 14:08:20,2022-10-11,sp1-vm-miami-us.samknows.com,13528,12252,15483,788,2072,0
24869165,2022-09-18 13:06:36,2022-09-18,sp1-vm-miami-us.samknows.com,14807,13341,16279,777,190,0
24869165,2022-10-24 07:58:56,2022-10-24,sp1-vm-miami-us.samknows.com,12967,11284,14976,806,363,0
24869165,2022-10-16 10:58:54,2022-10-16,sp1-vm-miami-us.samknows.com,14792,13261,16819,804,2193,0
24869165,2022-09-17 20:06:55,2022-09-17,sp1-vm-miami-us.samknows.com,14889,13368,17281,867,244,0
24869165,2022-10-13 02:09:01,2022-10-13,sp1-vm-miami-us.samknows.com,13422,12250,15200,723,2064,0
24869165,2022-10-21 16:58:47,2022-10-21,sp1-vm-miami-us.samknows.com,14829,13283,17174,849,359,0
24869165,2022-10-15 14:13:50,2022-10-15,sp1-vm-miami-us.samknows.com,13456,12250,15209,745,2195,0
24869165,2022-10-04 03:04:48,2022-10-04,sp1-vm-miami-us.samknows.com,11353,10144,13156,719,2196,0
24869165,2022-10-24 08:58:55,2022-10-24,sp1-vm-miami-us.samknows.com,12875,11254,15011,814,1744,0
24869165,2022-10-05 09:58:45,2022-10-05,sp1-vm-miami-us.samknows.com,13477,12298,15240,723,602,0
24869165,2022-10-13 13:08:47,2022-10-13,sp1-vm-miami-us.samknows.com,13527,12260,15652,779,909,0
39827501,2022-10-28 16:12:48,2022-10-28,sp1-vm-miami-us.samknows.com,22862,22146,23750,230,1720,0
39827501,2022-10-13 09:24:30,2022-10-13,sp1-vm-miami-us.samknows.com,23170,22429,23808,211,1863,0
39827501,2022-10-30 16:12:50,2022-10-30,sp1-vm-miami-us.samknows.com,23159,21976,37851,2183,563,3
39827501,2022-10-28 20:12:49,2022-10-28,sp1-vm-miami-us.samknows.com,22808,21996,23703,256,2011,0
39827501,2022-10-15 05:24:32,2022-10-15,sp1-vm-miami-us.samknows.com,22720,21953,23372,231,1904,0
39827501,2022-10-12 12:14:11,2022-10-12,sp1-vm-miami-us.samknows.com,22671,22047,23436,213,1917,0
39827501,2022-10-24 05:24:31,2022-10-24,sp1-vm-miami-us.samknows.com,22677,22031,23504,219,1897,0
39827501,2022-10-30 03:12:48,2022-10-30,sp1-vm-miami-us.samknows.com,22682,22012,23356,217,2028,0
39827501,2022-10-28 00:12:39,2022-10-28,sp1-vm-miami-us.samknows.com,23261,22482,24014,240,1685,0
39827501,2022-09-21 13:12:47,2022-09-21,sp1-vm-miami-us.samknows.com,22675,21941,23340,219,2033,0
39827501,2022-10-05 13:14:11,2022-10-05,sp1-vm-miami-us.samknows.com,22671,22011,23299,214,1955,0
39827501,2022-09-20 16:27:48,2022-09-20,sp1-vm-miami-us.samknows.com,22669,21985,23375,218,1882,0
39827501,2022-09-19 17:22:47,2022-09-19,sp1-vm-miami-us.samknows.com,22689,21963,23369,221,1961,0
39827501,2022-10-06 21:29:11,2022-10-06,sp1-vm-miami-us.samknows.com,23168,22457,24003,226,1995,0
39827501,2022-09-19 22:22:46,2022-09-19,sp1-vm-miami-us.samknows.com,22692,22018,23534,229,1997,0
39827501,2022-09-17 07:12:47,2022-09-17,sp1-vm-miami-us.samknows.com,22696,21964,23291,221,2030,0
39827501,2022-09-13 18:14:10,2022-09-13,sp1-vm-miami-us.samknows.com,23196,21645,23900,237,1385,91
39827501,2022-10-23 06:14:10,2022-10-23,sp1-vm-miami-us.samknows.com,22764,22083,24329,390,51,0
39827501,2022-10-30 18:26:50,2022-10-30,sp1-vm-miami-us.samknows.com,22674,22124,23189,210,376,0
39827501,2022-09-17 23:12:48,2022-09-17,sp1-vm-miami-us.samknows.com,22752,21994,23665,257,1652,0
39827501,2022-10-25 10:28:02,2022-10-25,sp1-vm-miami-us.samknows.com,22744,22134,23879,262,666,0
39827501,2022-09-17 12:12:48,2022-09-17,sp1-vm-miami-us.samknows.com,22706,21947,23419,239,2086,0
39827501,2022-10-05 04:14:10,2022-10-05,sp1-vm-miami-us.samknows.com,22677,21982,23598,219,1953,0
39827501,2022-10-27 05:22:48,2022-10-27,sp1-vm-miami-us.samknows.com,22790,21998,23574,241,1906,0
39827501,2022-10-28 08:12:49,2022-10-28,sp1-vm-miami-us.samknows.com,22815,22018,23399,225,1951,0
39827501,2022-09-21 16:12:47,2022-09-21,sp1-vm-miami-us.samknows.com,22674,22026,23439,215,2062,0
39827501,2022-09-16 14:12:48,2022-09-16,sp1-vm-miami-us.samknows.com,22720,22017,23599,228,710,0
39827501,2022-10-23 19:14:10,2022-10-23,sp1-vm-miami-us.samknows.com,23133,22214,36665,1644,82,0
39827501,2022-10-12 00:14:10,2022-10-12,sp1-vm-miami-us.samknows.com,22677,21965,23483,224,1982,0
39827501,2022-10-12 21:14:10,2022-10-12,sp1-vm-miami-us.samknows.com,22693,21983,23699,236,1952,0
39827501,2022-09-19 05:19:33,2022-09-19,sp1-vm-miami-us.samknows.com,22670,22014,23277,214,1920,0
39827501,2022-10-29 08:27:48,2022-10-29,sp1-vm-miami-us.samknows.com,22690,21937,23228,209,1949,0
39827501,2022-10-12 08:14:11,2022-10-12,sp1-vm-miami-us.samknows.com,22682,21983,23207,211,1788,194
39827501,2022-10-24 19:24:31,2022-10-24,sp1-vm-miami-us.samknows.com,22698,22088,23690,240,713,0
39827501,2022-10-26 23:22:39,2022-10-26,sp1-vm-miami-us.samknows.com,22767,22235,25769,412,110,1
10286,2022-10-30 20:32:48,2022-10-30,sp1-vm-miami-us.samknows.com,12329,10404,20763,2075,2341,0
10286,2022-10-23 16:32:51,2022-10-23,sp1-vm-miami-us.samknows.com,12110,10407,20378,1822,2333,0
10286,2022-10-12 20:32:00,2022-10-12,sp1-vm-miami-us.samknows.com,12375,10410,20827,2104,2237,1
10286,2022-10-04 03:32:06,2022-10-04,sp1-vm-miami-us.samknows.com,11741,10398,19131,1223,2324,0
10286,2022-10-04 05:32:02,2022-10-04,sp1-vm-miami-us.samknows.com,11641,10402,19039,1163,2241,0
10286,2022-10-13 06:32:48,2022-10-13,sp1-vm-miami-us.samknows.com,11670,9540,19298,1295,2315,1
10286,2022-10-21 20:56:29,2022-10-21,sp1-vm-miami-us.samknows.com,12284,10402,20224,2083,837,0
10286,2022-10-22 12:32:32,2022-10-22,sp1-vm-miami-us.samknows.com,12160,10400,20015,1870,1991,0
10286,2022-10-20 11:32:41,2022-10-20,sp1-vm-miami-us.samknows.com,12132,10400,20282,1881,2169,0
10286,2022-09-17 12:32:22,2022-09-17,sp1-vm-miami-us.samknows.com,11944,10396,20148,1626,2349,0
10286,2022-10-04 14:32:45,2022-10-04,sp1-vm-miami-us.samknows.com,11953,10410,20209,1749,2345,0
10286,2022-10-26 15:32:11,2022-10-26,sp1-vm-miami-us.samknows.com,11912,10407,19654,1716,2273,0
10286,2022-10-28 21:32:55,2022-10-28,sp1-vm-miami-us.samknows.com,12317,10127,20754,2044,2288,0
10286,2022-10-16 00:32:13,2022-10-16,sp1-vm-miami-us.samknows.com,12314,10405,20955,1993,2322,0
10286,2022-10-16 11:31:58,2022-10-16,sp1-vm-miami-us.samknows.com,12101,10415,20427,1852,2171,1
10286,2022-10-27 16:32:35,2022-10-27,sp1-vm-miami-us.samknows.com,12176,10411,20294,1886,2343,0
10286,2022-10-24 07:32:30,2022-10-24,sp1-vm-miami-us.samknows.com,11824,9857,19283,1425,1929,0
10286,2022-10-20 09:32:44,2022-10-20,sp1-vm-miami-us.samknows.com,12008,10401,19776,1739,2318,0
10286,2022-09-13 13:32:30,2022-09-13,sp1-vm-miami-us.samknows.com,12162,9676,20614,1891,2240,0
10286,2022-10-21 21:32:53,2022-10-21,sp1-vm-miami-us.samknows.com,12421,10407,20798,2146,1386,0
10286,2022-10-30 15:32:55,2022-10-30,sp1-vm-miami-us.samknows.com,12249,10408,20089,1802,2245,0
10286,2022-09-16 08:32:17,2022-09-16,sp1-vm-miami-us.samknows.com,11939,10414,19622,1683,2155,0
10286,2022-09-12 00:32:45,2022-09-12,sp1-vm-miami-us.samknows.com,12086,10398,20178,1686,2293,0
10286,2022-10-11 20:32:34,2022-10-11,sp1-vm-miami-us.samknows.com,12560,9850,21970,2241,2135,0
10286,2022-10-26 13:32:14,2022-10-26,sp1-vm-miami-us.samknows.com,12122,10411,20509,1828,2309,0
10286,2022-10-17 23:32:07,2022-10-17,sp1-vm-miami-us.samknows.com,11922,10428,18695,1504,233,0
10286,2022-10-27 07:32:48,2022-10-27,sp1-vm-miami-us.samknows.com,11732,10394,19301,1425,2276,0
10286,2022-10-06 02:32:50,2022-10-06,sp1-vm-miami-us.samknows.com,11710,10409,19384,1345,2351,0
10286,2022-10-26 01:32:31,2022-10-26,sp1-vm-miami-us.samknows.com,11890,10405,19710,1573,2238,0
10286,2022-10-12 20:55:43,2022-10-12,sp1-vm-miami-us.samknows.com,12249,10416,20417,1990,864,1
10286,2022-10-25 21:32:36,2022-10-25,sp1-vm-miami-us.samknows.com,12561,10414,21868,2293,2289,0
10286,2022-10-20 16:32:34,2022-10-20,sp1-vm-miami-us.samknows.com,12343,10402,21094,2090,2348,0
10286,2022-10-16 16:32:51,2022-10-16,sp1-vm-miami-us.samknows.com,12205,10399,20238,1849,2349,3
10286,2022-09-21 16:32:03,2022-09-21,sp1-vm-miami-us.samknows.com,12016,10403,19975,1718,2349,0
10286,2022-10-25 08:32:55,2022-10-25,sp1-vm-miami-us.samknows.com,11733,10407,19380,1417,2327,1
10286,2022-10-22 07:32:39,2022-10-22,sp1-vm-miami-us.samknows.com,11673,10404,19225,1324,2274,0
10286,2022-10-19 23:31:59,2022-10-19,sp1-vm-miami-us.samknows.com,12238,10408,20592,1902,2155,0
10286,2022-10-29 14:32:31,2022-10-29,sp1-vm-miami-us.samknows.com,11931,10398,19766,1556,2351,1
10286,2022-09-20 20:32:43,2022-09-20,sp1-vm-miami-us.samknows.com,12335,9788,20680,2030,2333,2
24806961,2022-10-31 20:53:23,2022-10-31,sp1-vm-miami-us.samknows.com,11737,9762,13958,1162,561,0
24806961,2022-09-19 06:03:16,2022-09-19,sp1-vm-miami-us.samknows.com,9710,7634,11715,1134,2244,0
24806961,2022-10-30 02:08:14,2022-10-30,sp1-vm-miami-us.samknows.com,11629,9673,13654,1142,1173,0
24806961,2022-10-25 21:53:24,2022-10-25,sp1-vm-miami-us.samknows.com,8719,6385,11218,1281,142,0
24806961,2022-09-13 16:53:20,2022-09-13,sp1-vm-miami-us.samknows.com,7561,5468,10330,1187,233,0
24806961,2022-10-29 13:08:28,2022-10-29,sp1-vm-miami-us.samknows.com,11729,9676,13717,1154,1997,0
24806961,2022-10-11 11:43:31,2022-10-11,sp1-vm-miami-us.samknows.com,9991,8081,12256,1150,1853,0
24806961,2022-10-06 22:03:19,2022-10-06,sp1-vm-miami-us.samknows.com,11768,9774,13759,1138,1208,0
24806961,2022-10-23 13:03:59,2022-10-23,sp1-vm-miami-us.samknows.com,7628,5530,9592,1160,1615,0
24806961,2022-10-29 02:53:14,2022-10-29,sp1-vm-miami-us.samknows.com,10738,8713,12705,1142,2021,0
24806961,2022-10-15 21:50:29,2022-10-15,sp1-vm-miami-us.samknows.com,11170,9247,13555,1154,1069,0
24806961,2022-10-06 03:53:12,2022-10-06,sp1-vm-miami-us.samknows.com,12013,10158,14523,1148,2167,0
24806961,2022-10-20 04:02:33,2022-10-20,sp1-vm-miami-us.samknows.com,10076,8202,12468,1148,1952,0
24806961,2022-10-24 19:11:31,2022-10-24,sp1-vm-miami-us.samknows.com,7640,5631,9627,1161,1388,0
24806961,2022-10-31 05:53:10,2022-10-31,sp1-vm-miami-us.samknows.com,8356,6315,10379,1148,2213,0
24806961,2022-09-13 04:52:45,2022-09-13,sp1-vm-miami-us.samknows.com,8602,6609,10641,1155,2072,0
24806961,2022-10-05 04:53:15,2022-10-05,sp1-vm-miami-us.samknows.com,9615,7693,11837,1151,1677,0
24806961,2022-09-19 10:03:12,2022-09-19,sp1-vm-miami-us.samknows.com,9636,7641,11703,1153,2141,0
24806961,2022-10-13 18:03:04,2022-10-13,sp1-vm-miami-us.samknows.com,9130,7215,11587,1155,907,0
24806961,2022-10-13 14:03:08,2022-10-13,sp1-vm-miami-us.samknows.com,9099,7256,11452,1148,891,0
24806961,2022-10-28 17:53:23,2022-10-28,sp1-vm-miami-us.samknows.com,10780,8716,12767,1152,2020,0
24806961,2022-09-20 02:05:34,2022-09-20,sp1-vm-miami-us.samknows.com,9686,7709,11668,1168,314,0
24806961,2022-10-06 15:03:26,2022-10-06,sp1-vm-miami-us.samknows.com,11683,9718,13902,1153,2014,0
24806961,2022-09-19 01:03:22,2022-09-19,sp1-vm-miami-us.samknows.com,9684,7626,11677,1146,2181,0
24806961,2022-10-29 15:08:25,2022-10-29,sp1-vm-miami-us.samknows.com,11703,9712,13732,1152,1620,0
24806961,2022-09-17 09:20:14,2022-09-17,sp1-vm-miami-us.samknows.com,10394,8369,12345,1149,949,0
24806961,2022-10-16 03:08:22,2022-10-16,sp1-vm-miami-us.samknows.com,8302,6337,10468,1142,2187,0
24806961,2022-09-12 22:52:51,2022-09-12,sp1-vm-miami-us.samknows.com,8788,6701,10802,1125,208,0
24806961,2022-10-27 00:43:24,2022-10-27,sp1-vm-miami-us.samknows.com,9348,7333,11343,1152,2166,0
24806961,2022-10-16 09:08:15,2022-10-16,sp1-vm-miami-us.samknows.com,8261,6358,10544,1151,1413,0
24806961,2022-10-20 19:02:18,2022-10-20,sp1-vm-miami-us.samknows.com,10123,8196,12367,1145,1470,0
24806961,2022-10-29 09:53:07,2022-10-29,sp1-vm-miami-us.samknows.com,10701,8719,12712,1137,1874,0
24806961,2022-10-22 11:03:12,2022-10-22,sp1-vm-miami-us.samknows.com,11607,9668,13813,1151,1439,0
24806961,2022-10-06 19:03:22,2022-10-06,sp1-vm-miami-us.samknows.com,11669,9745,13809,1144,1659,0
24806961,2022-10-26 20:43:26,2022-10-26,sp1-vm-miami-us.samknows.com,9402,7354,11376,1155,2008,0
24806961,2022-10-05 19:53:20,2022-10-05,sp1-vm-miami-us.samknows.com,12111,10197,14380,1149,1761,0
24806961,2022-10-16 19:08:04,2022-10-16,sp1-vm-miami-us.samknows.com,8363,6395,10550,1163,1047,0
24806961,2022-10-04 00:58:59,2022-10-04,sp1-vm-miami-us.samknows.com,9536,7575,11607,1138,2167,0
24806961,2022-10-20 10:02:27,2022-10-20,sp1-vm-miami-us.samknows.com,10048,8160,12353,1154,1855,11
24806961,2022-10-23 15:03:56,2022-10-23,sp1-vm-miami-us.samknows.com,7601,5578,9594,1158,1481,0
775732,2022-10-28 00:14:29,2022-10-28,sp1-vm-miami-us.samknows.com,16497,11824,35291,2708,1668,2
775732,2022-10-27 04:24:31,2022-10-27,sp1-vm-miami-us.samknows.com,15745,9771,26000,1612,2113,1
775732,2022-10-19 04:24:29,2022-10-19,sp1-vm-miami-us.samknows.com,15785,9193,23601,1342,2022,1
775732,2022-10-30 23:31:42,2022-10-30,sp1-vm-miami-us.samknows.com,17305,12214,27941,2941,58,1
775732,2022-10-30 14:28:14,2022-10-30,sp1-vm-miami-us.samknows.com,15902,10213,21825,1709,145,0
775732,2022-10-29 08:24:28,2022-10-29,sp1-vm-miami-us.samknows.com,16019,9026,28079,2062,1612,1
775732,2022-10-31 16:31:50,2022-10-31,sp1-vm-miami-us.samknows.com,16778,9496,37228,3534,2145,0
775732,2022-10-29 19:24:28,2022-10-29,sp1-vm-miami-us.samknows.com,16965,11177,29088,2805,213,0
775732,2022-10-31 21:31:50,2022-10-31,sp1-vm-miami-us.samknows.com,16973,11056,45452,4033,2025,0
775732,2022-10-19 14:24:28,2022-10-19,sp1-vm-miami-us.samknows.com,16020,12372,26863,2156,220,0
775732,2022-10-31 23:29:45,2022-10-31,sp1-vm-miami-us.samknows.com,19671,9199,121262,11229,2030,0
775732,2022-10-21 20:24:48,2022-10-21,sp1-vm-miami-us.samknows.com,16267,9526,28338,2552,424,0
775732,2022-10-27 12:24:30,2022-10-27,sp1-vm-miami-us.samknows.com,16310,10901,29192,2394,1636,2
775732,2022-10-19 06:24:29,2022-10-19,sp1-vm-miami-us.samknows.com,15844,10896,25570,1501,2083,2
775732,2022-10-22 02:14:28,2022-10-22,sp1-vm-miami-us.samknows.com,15247,10232,25906,1582,2088,1
775732,2022-10-21 10:24:48,2022-10-21,sp1-vm-miami-us.samknows.com,16369,11308,30667,2703,185,0
775732,2022-10-28 12:14:29,2022-10-28,sp1-vm-miami-us.samknows.com,16899,9785,34672,2935,1566,0
775732,2022-10-30 23:27:53,2022-10-30,sp1-vm-miami-us.samknows.com,21817,11087,98482,11312,447,1
775732,2022-10-20 13:24:29,2022-10-20,sp1-vm-miami-us.samknows.com,16435,8859,28830,2275,2155,1
775732,2022-10-27 07:24:31,2022-10-27,sp1-vm-miami-us.samknows.com,15811,10869,26495,1675,2166,1
775732,2022-10-21 09:24:48,2022-10-21,sp1-vm-miami-us.samknows.com,15865,10377,27427,1984,1306,1
775732,2022-10-27 15:24:30,2022-10-27,sp1-vm-miami-us.samknows.com,16759,12958,28761,2625,209,0
775732,2022-10-25 10:30:02,2022-10-25,sp1-vm-miami-us.samknows.com,17506,11879,106964,9665,96,1
775732,2022-10-30 13:28:14,2022-10-30,sp1-vm-miami-us.samknows.com,16229,11746,30725,2588,1597,0
775732,2022-10-27 08:24:30,2022-10-27,sp1-vm-miami-us.samknows.com,16315,9466,29041,2261,1831,3
7994,2022-10-27 02:19:58,2022-10-27,sp1-vm-miami-us.samknows.com,33328,31396,61687,3354,2327,0
7994,2022-10-19 07:20:48,2022-10-19,sp1-vm-miami-us.samknows.com,32651,30942,59190,2868,2318,0
7994,2022-10-11 03:20:09,2022-10-11,sp1-vm-miami-us.samknows.com,32730,30932,58886,2831,2209,0
7994,2022-10-28 05:20:17,2022-10-28,sp1-vm-miami-us.samknows.com,33071,31365,60779,2787,2312,0
7994,2022-10-24 03:20:37,2022-10-24,sp1-vm-miami-us.samknows.com,32689,31062,60259,2808,2203,0
7994,2022-10-30 12:20:30,2022-10-30,sp1-vm-miami-us.samknows.com,33217,31178,63314,3812,2392,0
7994,2022-10-24 15:20:21,2022-10-24,sp1-vm-miami-us.samknows.com,32876,30726,65213,3685,2215,1
7994,2022-10-22 08:20:39,2022-10-22,sp1-vm-miami-us.samknows.com,33237,31418,61153,3058,2348,0
7994,2022-10-26 03:20:30,2022-10-26,sp1-vm-miami-us.samknows.com,33101,31323,60701,3009,2199,0
7994,2022-10-22 22:20:19,2022-10-22,sp1-vm-miami-us.samknows.com,33182,31000,55739,3723,232,0
7994,2022-10-25 17:20:44,2022-10-25,sp1-vm-miami-us.samknows.com,33112,31276,61863,3097,2312,2
7994,2022-09-12 18:20:00,2022-09-12,sp1-vm-miami-us.samknows.com,32762,30957,57542,2412,2354,1
7994,2022-10-30 11:20:33,2022-10-30,sp1-vm-miami-us.samknows.com,33443,31376,63699,3890,2390,2
7994,2022-10-23 17:20:51,2022-10-23,sp1-vm-miami-us.samknows.com,32598,30797,58660,2558,2317,0
7994,2022-10-24 16:20:20,2022-10-24,sp1-vm-miami-us.samknows.com,33668,31281,67021,4769,2342,4
7994,2022-10-05 15:20:14,2022-10-05,sp1-vm-miami-us.samknows.com,32670,30879,61118,3058,2226,0
7994,2022-10-11 21:20:40,2022-10-11,sp1-vm-miami-us.samknows.com,32833,31456,48840,1614,234,0
7994,2022-10-25 06:20:00,2022-10-25,sp1-vm-miami-us.samknows.com,33410,30939,74008,5553,2349,0
7994,2022-10-30 13:20:29,2022-10-30,sp1-vm-miami-us.samknows.com,33336,30978,71456,5046,2385,8
7994,2022-09-21 01:20:18,2022-09-21,sp1-vm-miami-us.samknows.com,33005,31001,63213,3269,2320,0
7994,2022-10-13 02:20:44,2022-10-13,sp1-vm-miami-us.samknows.com,33095,31304,58252,2773,2328,0
7994,2022-10-30 21:20:12,2022-10-30,sp1-vm-miami-us.samknows.com,33502,31307,68900,4289,2391,1
7994,2022-10-26 20:20:06,2022-10-26,sp1-vm-miami-us.samknows.com,33015,31041,62595,3754,2340,1
7994,2022-09-21 03:20:14,2022-09-21,sp1-vm-miami-us.samknows.com,32815,31015,58793,2500,2205,0
7994,2022-09-17 10:20:14,2022-09-17,sp1-vm-miami-us.samknows.com,42226,31027,211886,26636,2357,0
7994,2022-10-12 02:20:31,2022-10-12,sp1-vm-miami-us.samknows.com,33083,31247,61194,2970,2329,0
7994,2022-10-15 21:20:32,2022-10-15,sp1-vm-miami-us.samknows.com,32656,30888,57927,2752,2229,0
7994,2022-10-19 19:20:24,2022-10-19,sp1-vm-miami-us.samknows.com,32838,30758,61022,3495,2269,1
7994,2022-10-06 08:20:50,2022-10-06,sp1-vm-miami-us.samknows.com,32693,30814,63171,3263,2349,0
7994,2022-10-06 22:20:31,2022-10-06,sp1-vm-miami-us.samknows.com,32726,30997,61201,2962,2345,0
7994,2022-10-15 21:59:00,2022-10-15,sp1-vm-miami-us.samknows.com,33967,31615,31615,5430,83,0
7994,2022-10-04 10:20:54,2022-10-04,sp1-vm-miami-us.samknows.com,32662,30874,60562,2747,2349,1
7994,2022-10-20 07:20:01,2022-10-20,sp1-vm-miami-us.samknows.com,32695,30903,61235,3051,2316,2
7994,2022-09-21 20:20:39,2022-09-21,sp1-vm-miami-us.samknows.com,32953,31063,60549,2842,2350,0
7994,2022-10-05 09:20:22,2022-10-05,sp1-vm-miami-us.samknows.com,32763,30896,60473,3192,2224,0
7994,2022-10-22 21:20:21,2022-10-22,sp1-vm-miami-us.samknows.com,32700,31178,59030,2720,233,0
7994,2022-09-12 22:20:51,2022-09-12,sp1-vm-miami-us.samknows.com,32794,30988,58749,2508,2350,0
7994,2022-10-16 22:20:43,2022-10-16,sp1-vm-miami-us.samknows.com,32868,30771,62508,3595,2349,1
7994,2022-09-16 05:20:12,2022-09-16,sp1-vm-miami-us.samknows.com,32918,31033,60620,2940,2322,0
7994,2022-10-30 01:20:53,2022-10-30,sp1-vm-miami-us.samknows.com,33189,31463,62220,2868,2393,0
38098497,2022-10-15 20:39:17,2022-10-15,sp1-vm-miami-us.samknows.com,12265,10422,14444,1124,2053,0
38098497,2022-09-21 12:29:16,2022-09-21,sp1-vm-miami-us.samknows.com,9812,7770,11777,1092,2013,0
38098497,2022-09-17 09:33:47,2022-09-17,sp1-vm-miami-us.samknows.com,11102,10489,12781,529,82,0
38098497,2022-10-22 05:39:18,2022-10-22,sp1-vm-miami-us.samknows.com,12420,10420,14393,1137,2227,0
38098497,2022-10-23 19:29:23,2022-10-23,sp1-vm-miami-us.samknows.com,32722,7822,43493,14041,1243,108
38098497,2022-09-16 01:29:16,2022-09-16,sp1-vm-miami-us.samknows.com,9729,7795,11789,1078,2245,0
38098497,2022-10-17 05:44:19,2022-10-17,sp1-vm-miami-us.samknows.com,11047,9051,13072,1171,2208,0
38098497,2022-10-05 09:29:16,2022-10-05,sp1-vm-miami-us.samknows.com,11204,9345,13572,1033,1665,1
38098497,2022-10-13 22:29:19,2022-10-13,sp1-vm-miami-us.samknows.com,11009,9087,13192,1292,1830,0
38098497,2022-10-30 21:44:18,2022-10-30,sp1-vm-miami-us.samknows.com,11858,9927,13918,1084,2093,0
38098497,2022-09-12 16:44:16,2022-09-12,sp1-vm-miami-us.samknows.com,11289,9314,13311,1198,1693,0
38098497,2022-10-12 20:37:38,2022-10-12,sp1-vm-miami-us.samknows.com,11113,9373,13037,957,252,0
38098497,2022-09-21 21:29:16,2022-09-21,sp1-vm-miami-us.samknows.com,9688,7785,11843,1136,2161,0
38098497,2022-10-05 04:29:16,2022-10-05,sp1-vm-miami-us.samknows.com,11125,9345,13501,1195,2040,0
38098497,2022-09-19 08:36:56,2022-09-19,sp1-vm-miami-us.samknows.com,9202,7304,11353,1094,2222,0
38098497,2022-10-17 23:29:20,2022-10-17,sp1-vm-miami-us.samknows.com,8710,6934,11058,1124,2150,0
38098497,2022-10-17 11:44:19,2022-10-17,sp1-vm-miami-us.samknows.com,10881,9082,13103,1142,1958,0
38098497,2022-10-24 13:39:18,2022-10-24,sp1-vm-miami-us.samknows.com,10471,8621,12657,1187,1573,0
38098497,2022-10-25 21:41:21,2022-10-25,sp1-vm-miami-us.samknows.com,10438,8510,12609,1128,1939,0
38098497,2022-10-29 14:39:18,2022-10-29,sp1-vm-miami-us.samknows.com,11366,9160,13931,1200,137,0
38098497,2022-10-20 07:29:19,2022-10-20,sp1-vm-miami-us.samknows.com,8803,6919,10951,1122,2227,0
38098497,2022-09-18 18:36:56,2022-09-18,sp1-vm-miami-us.samknows.com,9344,7324,11500,1232,2216,0
38098497,2022-10-20 17:29:19,2022-10-20,sp1-vm-miami-us.samknows.com,8859,6946,10885,1049,2242,0
38098497,2022-10-26 07:29:17,2022-10-26,sp1-vm-miami-us.samknows.com,11910,9941,14001,1175,2247,0
38098497,2022-09-16 12:29:15,2022-09-16,sp1-vm-miami-us.samknows.com,9763,7775,11793,1100,2001,0
38098497,2022-09-18 00:35:28,2022-09-18,sp1-vm-miami-us.samknows.com,10075,8262,12292,1120,2181,0
38098497,2022-10-11 06:39:15,2022-10-11,sp1-vm-miami-us.samknows.com,9604,7757,11735,1212,2166,0
38098497,2022-10-19 00:29:20,2022-10-19,sp1-vm-miami-us.samknows.com,8754,6942,11012,1132,2180,0
38098497,2022-10-21 23:39:17,2022-10-21,sp1-vm-miami-us.samknows.com,12335,10410,14454,1132,2146,0
38098497,2022-10-20 18:29:19,2022-10-20,sp1-vm-miami-us.samknows.com,8852,6938,11005,1072,2226,0
38098497,2022-10-25 14:41:21,2022-10-25,sp1-vm-miami-us.samknows.com,10387,8469,12605,1084,1996,0
38098497,2022-09-21 01:44:16,2022-09-21,sp1-vm-miami-us.samknows.com,12439,10442,14606,1182,2193,0
38098497,2022-09-12 01:44:17,2022-09-12,sp1-vm-miami-us.samknows.com,11393,9321,13336,1124,2233,0
38098497,2022-09-16 08:29:16,2022-09-16,sp1-vm-miami-us.samknows.com,9598,7781,11810,1150,2169,0
38098497,2022-10-26 03:29:16,2022-10-26,sp1-vm-miami-us.samknows.com,11893,9874,14032,1147,2230,0
80307521,2022-10-13 00:11:27,2022-10-13,sp1-vm-miami-us.samknows.com,39528,35370,93173,7551,1363,117
80307521,2022-10-06 23:33:07,2022-10-06,sp1-vm-miami-us.samknows.com,40217,35991,94025,7109,1703,4
80307521,2022-10-05 19:48:01,2022-10-05,sp1-vm-miami-us.samknows.com,36965,32489,91010,8123,830,2
80307521,2022-09-19 14:33:02,2022-09-19,sp1-vm-miami-us.samknows.com,40866,36616,91394,7752,2227,9
80307521,2022-10-19 05:50:35,2022-10-19,sp1-vm-miami-us.samknows.com,36436,32079,100095,8149,1274,7
80307521,2022-09-19 03:33:06,2022-09-19,sp1-vm-miami-us.samknows.com,40663,36331,91771,6938,2245,14
80307521,2022-10-23 17:48:27,2022-10-23,sp1-vm-miami-us.samknows.com,39878,35093,97891,8899,1198,7
80307521,2022-10-21 20:34:23,2022-10-21,sp1-vm-miami-us.samknows.com,44274,36599,124940,15603,408,4
80307521,2022-10-06 20:33:07,2022-10-06,sp1-vm-miami-us.samknows.com,41435,36248,104682,9880,1095,6
80307521,2022-10-19 23:50:34,2022-10-19,sp1-vm-miami-us.samknows.com,43820,38859,110016,9077,1677,6
80307521,2022-10-06 12:48:01,2022-10-06,sp1-vm-miami-us.samknows.com,36764,32486,94591,7934,1537,3
80307521,2022-10-20 09:50:33,2022-10-20,sp1-vm-miami-us.samknows.com,42060,35757,106316,9135,1592,65
80307521,2022-09-19 08:33:06,2022-09-19,sp1-vm-miami-us.samknows.com,40253,36544,87461,5952,2248,0
80307521,2022-10-24 06:33:32,2022-10-24,sp1-vm-miami-us.samknows.com,39667,35084,104189,9397,1213,2
80307521,2022-10-13 01:11:26,2022-10-13,sp1-vm-miami-us.samknows.com,39181,35312,85984,6181,1964,131
80307521,2022-10-25 09:43:27,2022-10-25,sp1-vm-miami-us.samknows.com,36130,31920,91767,7502,1782,2
80307521,2022-10-30 00:30:40,2022-10-30,sp1-vm-miami-us.samknows.com,35443,31689,87237,6282,1439,5
80307521,2022-10-04 18:33:05,2022-10-04,sp1-vm-miami-us.samknows.com,51946,32326,307241,45085,250,2
80307521,2022-10-19 20:50:34,2022-10-19,sp1-vm-miami-us.samknows.com,40336,36129,91476,7318,2017,35
80307521,2022-10-15 02:33:22,2022-10-15,sp1-vm-miami-us.samknows.com,43597,39605,93895,6583,2101,11
80307521,2022-10-04 13:30:22,2022-10-04,sp1-vm-miami-us.samknows.com,38228,32188,140303,12494,230,0
80307521,2022-10-13 19:33:23,2022-10-13,sp1-vm-miami-us.samknows.com,43055,35023,145599,17852,240,2
80307521,2022-10-23 20:48:27,2022-10-23,sp1-vm-miami-us.samknows.com,43717,35298,236032,19915,435,1
80307521,2022-10-25 04:43:27,2022-10-25,sp1-vm-miami-us.samknows.com,36463,32076,99013,8428,1973,14
80307521,2022-10-29 18:53:28,2022-10-29,sp1-vm-miami-us.samknows.com,35461,31531,85140,6467,2231,2
80307521,2022-10-15 12:39:05,2022-10-15,sp1-vm-miami-us.samknows.com,38931,35055,94949,6991,2084,6
80307521,2022-10-20 18:50:33,2022-10-20,sp1-vm-miami-us.samknows.com,41919,36058,164491,14081,238,1
80307521,2022-10-19 08:50:34,2022-10-19,sp1-vm-miami-us.samknows.com,35819,32108,76840,5427,2259,7
80307521,2022-10-16 06:39:04,2022-10-16,sp1-vm-miami-us.samknows.com,35722,31886,87128,6866,2095,13
80307521,2022-10-19 13:50:34,2022-10-19,sp1-vm-miami-us.samknows.com,40915,36093,100304,8768,1852,86
80307521,2022-10-15 10:33:23,2022-10-15,sp1-vm-miami-us.samknows.com,43317,35705,96518,7480,2047,69
80307521,2022-10-29 09:53:29,2022-10-29,sp1-vm-miami-us.samknows.com,36205,31517,95767,8645,1817,6
80307521,2022-10-17 00:42:13,2022-10-17,sp1-vm-miami-us.samknows.com,39018,35094,89422,6603,2149,9
80307521,2022-10-19 06:50:35,2022-10-19,sp1-vm-miami-us.samknows.com,35984,32133,85342,6250,1392,8
80307521,2022-10-27 14:43:21,2022-10-27,sp1-vm-miami-us.samknows.com,40218,35928,96236,7810,1426,1
80307521,2022-10-16 04:39:04,2022-10-16,sp1-vm-miami-us.samknows.com,35230,31354,82825,6206,2123,66
80307521,2022-10-05 03:33:05,2022-10-05,sp1-vm-miami-us.samknows.com,35819,31884,87951,6283,2088,13
80307521,2022-10-30 02:33:22,2022-10-30,sp1-vm-miami-us.samknows.com,35458,31549,87142,6663,2122,8
80307521,2022-10-19 04:50:34,2022-10-19,sp1-vm-miami-us.samknows.com,35913,32031,85411,6276,2231,10
80307521,2022-09-13 17:33:02,2022-09-13,sp1-vm-miami-us.samknows.com,39471,35553,83193,6134,2244,7
80307521,2022-10-26 00:33:26,2022-10-26,sp1-vm-miami-us.samknows.com,36845,31810,94328,9118,663,1
80307521,2022-09-12 15:38:58,2022-09-12,sp1-vm-miami-us.samknows.com,44575,38541,103831,10523,2075,55
80307521,2022-09-20 19:38:37,2022-09-20,sp1-vm-miami-us.samknows.com,46819,37358,231287,22792,1967,3
80307521,2022-10-30 23:33:21,2022-10-30,sp1-vm-miami-us.samknows.com,46527,35681,104612,18447,76,0
80307521,2022-09-18 18:33:06,2022-09-18,sp1-vm-miami-us.samknows.com,40308,36450,89528,5921,2117,0
80307521,2022-09-16 04:33:14,2022-09-16,sp1-vm-miami-us.samknows.com,39937,35886,85669,6145,2000,40
80307521,2022-09-21 02:38:38,2022-09-21,sp1-vm-miami-us.samknows.com,43715,37298,114756,12659,1966,7
80307521,2022-10-21 00:34:23,2022-10-21,sp1-vm-miami-us.samknows.com,40077,35747,92594,7076,1850,19
80307521,2022-10-13 10:30:40,2022-10-13,sp1-vm-miami-us.samknows.com,38956,34830,93832,7609,751,2
80307521,2022-09-12 01:38:58,2022-09-12,sp1-vm-miami-us.samknows.com,42585,38543,92819,6898,2183,20
80307521,2022-10-27 07:43:22,2022-10-27,sp1-vm-miami-us.samknows.com,37256,32152,114201,9512,1889,6
4190281,2022-09-16 16:59:10,2022-09-16,sp1-vm-miami-us.samknows.com,17275,12980,21446,899,1822,0
4190281,2022-09-16 01:45:38,2022-09-16,sp1-vm-miami-us.samknows.com,20404,12202,38904,6599,1947,1
4190281,2022-09-12 11:47:54,2022-09-12,sp1-vm-miami-us.samknows.com,17478,12251,22376,727,2274,0
4190281,2022-09-17 21:57:00,2022-09-17,sp1-vm-miami-us.samknows.com,17344,12368,22008,1020,1680,0
4190281,2022-09-13 20:41:59,2022-09-13,sp1-vm-miami-us.samknows.com,17739,12324,26708,1080,1843,1
4190281,2022-09-17 09:56:52,2022-09-17,sp1-vm-miami-us.samknows.com,17300,16281,20920,596,57,0
25886537,2022-09-20 00:19:10,2022-09-20,sp1-vm-miami-us.samknows.com,19237,11766,47019,5199,624,0
25886537,2022-09-17 11:04:21,2022-09-17,sp1-vm-miami-us.samknows.com,17464,11086,39890,2941,2097,0
25886537,2022-09-17 16:04:20,2022-09-17,sp1-vm-miami-us.samknows.com,23237,11091,63390,10291,2275,0
25886537,2022-09-19 17:19:11,2022-09-19,sp1-vm-miami-us.samknows.com,18061,12780,24542,2029,475,0
25886537,2022-09-18 19:20:07,2022-09-18,sp1-vm-miami-us.samknows.com,18704,15002,33811,2876,91,0
25886537,2022-09-13 15:04:11,2022-09-13,sp1-vm-miami-us.samknows.com,17007,10884,39308,2583,872,0
25886537,2022-09-18 02:20:07,2022-09-18,sp1-vm-miami-us.samknows.com,17271,10828,34281,2932,74,0
24869461,2022-09-20 02:34:48,2022-09-20,sp1-vm-miami-us.samknows.com,36244,17981,133043,27003,2153,0
24869461,2022-10-06 01:45:05,2022-10-06,sp1-vm-miami-us.samknows.com,45849,17482,212950,42827,2296,0
24869461,2022-09-19 07:19:48,2022-09-19,sp1-vm-miami-us.samknows.com,42849,17928,230255,44779,2269,0
24869461,2022-09-16 15:40:20,2022-09-16,sp1-vm-miami-us.samknows.com,41033,17722,204784,36944,2296,0
24869461,2022-09-19 22:34:47,2022-09-19,sp1-vm-miami-us.samknows.com,46215,17989,217750,47696,2242,1
24869461,2022-09-19 13:34:47,2022-09-19,sp1-vm-miami-us.samknows.com,35368,18146,225259,32170,2275,0
24869461,2022-09-20 05:34:47,2022-09-20,sp1-vm-miami-us.samknows.com,37165,18030,168719,32372,2287,0
24869461,2022-10-05 23:45:06,2022-10-05,sp1-vm-miami-us.samknows.com,37674,17464,136015,29190,2291,0
24869461,2022-10-06 09:45:06,2022-10-06,sp1-vm-miami-us.samknows.com,29521,17644,92733,17056,2295,1
24869461,2022-10-11 14:35:59,2022-10-11,sp1-vm-miami-us.samknows.com,28926,17584,85830,14809,1836,1
24869461,2022-09-13 15:21:11,2022-09-13,sp1-vm-miami-us.samknows.com,26137,17702,67069,11056,2159,0
39486037,2022-10-27 02:08:29,2022-10-27,sp1-vm-miami-us.samknows.com,39864,37873,46937,693,2279,1
39486037,2022-10-28 01:17:30,2022-10-28,sp1-vm-miami-us.samknows.com,45584,38525,186045,16144,2243,2
39486037,2022-10-25 06:22:29,2022-10-25,sp1-vm-miami-us.samknows.com,38970,37001,51691,982,2251,1
